CREATE DATABASE  IF NOT EXISTS `adp` /*!40100 DEFAULT CHARACTER SET latin1 */;
USE `adp`;
-- MySQL dump 10.13  Distrib 8.0.30, for Win64 (x86_64)
--
-- Host: localhost    Database: adp
-- ------------------------------------------------------
-- Server version	5.7.36

/*!40101 SET @OLD_CHARACTER_SET_CLIENT=@@CHARACTER_SET_CLIENT */;
/*!40101 SET @OLD_CHARACTER_SET_RESULTS=@@CHARACTER_SET_RESULTS */;
/*!40101 SET @OLD_COLLATION_CONNECTION=@@COLLATION_CONNECTION */;
/*!50503 SET NAMES utf8 */;
/*!40103 SET @OLD_TIME_ZONE=@@TIME_ZONE */;
/*!40103 SET TIME_ZONE='+00:00' */;
/*!40014 SET @OLD_UNIQUE_CHECKS=@@UNIQUE_CHECKS, UNIQUE_CHECKS=0 */;
/*!40014 SET @OLD_FOREIGN_KEY_CHECKS=@@FOREIGN_KEY_CHECKS, FOREIGN_KEY_CHECKS=0 */;
/*!40101 SET @OLD_SQL_MODE=@@SQL_MODE, SQL_MODE='NO_AUTO_VALUE_ON_ZERO' */;
/*!40111 SET @OLD_SQL_NOTES=@@SQL_NOTES, SQL_NOTES=0 */;

--
-- Table structure for table `adp_busqueda`
--

DROP TABLE IF EXISTS `adp_busqueda`;
/*!40101 SET @saved_cs_client     = @@character_set_client */;
/*!50503 SET character_set_client = utf8mb4 */;
CREATE TABLE `adp_busqueda` (
  `buqueda_id` mediumint(9) NOT NULL AUTO_INCREMENT,
  `marca` int(11) DEFAULT NULL,
  `modelo` int(11) DEFAULT NULL,
  `anio` int(11) DEFAULT NULL,
  `color` varchar(60) DEFAULT NULL,
  `damageid` int(11) DEFAULT NULL,
  `state` varchar(160) DEFAULT NULL,
  `ciudad` int(11) DEFAULT NULL,
  `busqueda_estado` int(11) DEFAULT NULL,
  `user_id` int(11) DEFAULT NULL,
  `cliente_id` int(11) DEFAULT NULL,
  PRIMARY KEY (`buqueda_id`)
) ENGINE=MyISAM AUTO_INCREMENT=21 DEFAULT CHARSET=latin1;
/*!40101 SET character_set_client = @saved_cs_client */;

--
-- Dumping data for table `adp_busqueda`
--

LOCK TABLES `adp_busqueda` WRITE;
/*!40000 ALTER TABLE `adp_busqueda` DISABLE KEYS */;
INSERT INTO `adp_busqueda` VALUES (20,7,NULL,0,'0',1,'4',0,1,1,1),(19,7,59,2022,'BLANCO',1,'7',0,1,1,1),(18,12,119,2020,'AZUL',1,'6',0,1,1,1),(17,1,9,2022,'NEGRO',1,'18',0,1,1,1),(16,1,9,2021,'NEGRO',1,'20',0,1,1,1),(15,3,41,2021,'NEGRO',1,'18',0,1,1,1),(14,2,40,2020,'NEGRO',2,'19',0,1,1,1),(13,1,11,2020,'NEGRO',2,'19',0,1,1,1),(12,1,9,2022,'NEGRO',1,'19',0,1,1,1),(11,17,176,0,'0',0,'18',0,1,1,1);
/*!40000 ALTER TABLE `adp_busqueda` ENABLE KEYS */;
UNLOCK TABLES;

--
-- Table structure for table `adp_subasta`
--

DROP TABLE IF EXISTS `adp_subasta`;
/*!40101 SET @saved_cs_client     = @@character_set_client */;
/*!50503 SET character_set_client = utf8mb4 */;
CREATE TABLE `adp_subasta` (
  `Numero_lote` varchar(100) DEFAULT NULL,
  `Anio` varchar(100) DEFAULT NULL,
  `Marca` varchar(100) DEFAULT NULL,
  `Modelo` varchar(100) DEFAULT NULL,
  `Danio` varchar(100) DEFAULT NULL,
  `Locacion` varchar(100) DEFAULT NULL,
  `Oferta` varchar(100) DEFAULT NULL,
  `PrecioYa` varchar(100) DEFAULT NULL,
  `PaginaOrigen` varchar(100) DEFAULT NULL
) ENGINE=MyISAM DEFAULT CHARSET=latin1;
/*!40101 SET character_set_client = @saved_cs_client */;

--
-- Dumping data for table `adp_subasta`
--

LOCK TABLES `adp_subasta` WRITE;
/*!40000 ALTER TABLE `adp_subasta` DISABLE KEYS */;
INSERT INTO `adp_subasta` VALUES ('36014453','2018','LAND','ROVER RANGE ROVER SUPERCHARGED','Minor Dent/Scratches Damage','CT - HARTFORD SPRINGFIELD','$500.00 USD','$50000.00 USD','0'),('36103873','2021','HYUNDAI','TUCSON SE','Minor Dent/Scratches Damage','PA - YORK HAVEN','$8600.00 USD','$12900.00 USD','0'),('38489773','2019','JEEP','GRAND CHEROKEE LIMITED','Minor Dent/Scratches Damage','CT - HARTFORD SPRINGFIELD','$1050.00 USD','$26000.00 USD','0'),('38511193','2019','PORSCHE','CAYENNE','Minor Dent/Scratches Damage','CT - HARTFORD SPRINGFIELD','$0.00 USD','$36500.00 USD','0'),('39865683','2019','TOYOTA','HIGHLANDER HYBRID LIMITED','Minor Dent/Scratches Damage','CT - HARTFORD SPRINGFIELD','$3600.00 USD','$24000.00 USD','0'),('39880893','2019','BMW','X6 XDRIVE35I','Front End Damage','CT - HARTFORD SPRINGFIELD','$0.00 USD','$30000.00 USD','0'),('40153773','2018','BMW','330 XIGT','Front End Damage','CT - HARTFORD SPRINGFIELD','$0.00 USD','$9800.00 USD','0'),('40289183','2018','MERCEDES-BENZ','C 300 4MATIC','Minor Dent/Scratches Damage','CT - HARTFORD SPRINGFIELD','$0.00 USD','$18000.00 USD','0'),('41653553','2017','LAND','ROVER RANGE ROVER EVOQUE SE','Minor Dent/Scratches Damage','CT - HARTFORD SPRINGFIELD','$750.00 USD','$16000.00 USD','0'),('41662823','2019','KIA','SOUL','All Over Damage','FL - ORLANDO SOUTH','$1300.00 USD','$2600.00 USD','0'),('41664443','2019','HONDA','ACCORD HYBRID','Minor Dent/Scratches Damage','CT - HARTFORD SPRINGFIELD','$200.00 USD','$12000.00 USD','0'),('41846003','2021','CHEVROLET','SILVERADO C1500','Front End Damage','NC - RALEIGH','$5000.00 USD','$6300.00 USD','0'),('43004683','2021','HONDA','HR-V EXL','All Over Damage','FL - ORLANDO SOUTH','$725.00 USD','$6000.00 USD','0'),('44317473','2017','NISSAN','ALTIMA 2.5','Front End Damage','CT - HARTFORD SPRINGFIELD','$200.00 USD','$4900.00 USD','0'),('44321173','2020','NISSAN','KICKS S','Minor Dent/Scratches Damage','CT - HARTFORD SPRINGFIELD','$4650.00 USD','$9500.00 USD','0'),('44561253','2019','FORD','EXPLORER POLICE INTERCEPTOR','All Over Damage','OH - CLEVELAND WEST','$0.00 USD','$3800.00 USD','0'),('44662243','2020','TOYOTA','SIENNA L','Minor Dent/Scratches Damage','GA - CARTERSVILLE','$8000.00 USD','$10800.00 USD','0'),('44950643','2018','CHEVROLET','SUBURBAN C1500 LT','Minor Dent/Scratches Damage','CT - HARTFORD SPRINGFIELD','$0.00 USD','$17000.00 USD','0'),('45061813','2019','FORD','EDGE SEL','Front End Damage','FL - WEST PALM BEACH','$9500.00 USD','$20000.00 USD','0'),('45658753','2018','DODGE','GRAND CARAVAN SE','Minor Dent/Scratches Damage','MD - BALTIMORE EAST','$125.00 USD','$9000.00 USD','0'),('45697373','2021','NISSAN','VERSA SV','Minor Dent/Scratches Damage','FL - ORLANDO SOUTH','$0.00 USD','$13800.00 USD','0'),('45888303','2020','MAZDA','CX-5 TOURING','Rear End Damage','MD - BALTIMORE EAST','$8000.00 USD','$11500.00 USD','0'),('45891913','2018','CADILLAC','ESCALADE ESV LUXURY','Minor Dent/Scratches Damage','CT - HARTFORD SPRINGFIELD','$200.00 USD','$22000.00 USD','0'),('46922833','2018','BMW','X5 XDR40E','Minor Dent/Scratches Damage','CT - HARTFORD SPRINGFIELD','$11500.00 USD','$18000.00 USD','0'),('46961203','2021','JEEP','RENEGADE TRAILHAWK','Rear End Damage','CT - HARTFORD SPRINGFIELD','$5000.00 USD','$15000.00 USD','0'),('47013503','2018','LAND','ROVER RANGE ROVER VELAR R-DYNAMIC SE','Minor Dent/Scratches Damage','FL - WEST PALM BEACH','$200.00 USD','$32000.00 USD','0'),('47530913','2018','LEXUS','RC 350','Front End Damage','GA - CARTERSVILLE','$5100.00 USD','$23000.00 USD','0'),('47540533','2020','BMW','X7 XDRIVE40I','Minor Dent/Scratches Damage','GA - CARTERSVILLE','$6300.00 USD','$51000.00 USD','0'),('47544163','2019','BMW','X7 XDRIVE40I','Minor Dent/Scratches Damage','CT - HARTFORD SPRINGFIELD','$225.00 USD','$49000.00 USD','0'),('47874183','2017','HYUNDAI','TUCSON LIMITED','Minor Dent/Scratches Damage','MD - BALTIMORE EAST','$525.00 USD','$11500.00 USD','0'),('47882433','2017','MERCEDES-BENZ','GLE 350 4MATIC','Minor Dent/Scratches Damage','FL - WEST PALM BEACH','$225.00 USD','$19000.00 USD','0'),('48065043','2020','TOYOTA','SIENNA L','Minor Dent/Scratches Damage','GA - CARTERSVILLE','$8000.00 USD','$13000.00 USD','0'),('48477523','2018','LEXUS','LS 500 BASE','Normal Wear Damage','KY - LOUISVILLE','$0.00 USD','$46000.00 USD','0'),('48870503','2018','TOYOTA','COROLLA L','Normal Wear Damage','PA - ALTOONA','$2200.00 USD','$18900.00 USD','0'),('48926193','2017','RAM','PROMASTER 3500 3500 HIGH','Minor Dent/Scratches Damage','WV - CHARLESTON','$7000.00 USD','$8900.00 USD','0'),('49023633','2020','NISSAN','ALTIMA S','Normal Wear Damage','FL - WEST PALM BEACH','$0.00 USD','$15000.00 USD','0'),('49024143','2021','NISSAN','ALTIMA SL','Normal Wear Damage','FL - WEST PALM BEACH','$0.00 USD','$16000.00 USD','0'),('49045033','2020','LAND','ROVER RANGE ROVER VELAR S','Minor Dent/Scratches Damage','FL - ORLANDO SOUTH','$250.00 USD','$31000.00 USD','0'),('49123073','2018','AUDI','A5 PREMIUM PLUS','Minor Dent/Scratches Damage','CT - HARTFORD SPRINGFIELD','$500.00 USD','$15500.00 USD','0'),('49162433','2021','TOYOTA','CAMRY SE','Front End Damage','WV - CHARLESTON','$8000.00 USD','$12000.00 USD','0'),('49166493','2020','FORD','EXPLORER XLT','Minor Dent/Scratches Damage','FL - ORLANDO SOUTH','$100.00 USD','$21000.00 USD','0'),('49184083','2017','FORD','F150 SUPER CAB','Front End Damage','KY - LOUISVILLE','$6300.00 USD','$13500.00 USD','0'),('49259353','2019','MERCEDES-BENZ','A 220','Minor Dent/Scratches Damage','CT - HARTFORD SPRINGFIELD','$12000.00 USD','$30000.00 USD','0'),('49287003','2017','MERCEDES-BENZ','GLS 450 4MATIC','Minor Dent/Scratches Damage','CT - HARTFORD SPRINGFIELD','$200.00 USD','$21000.00 USD','0'),('49472303','2018','FORD','ESCAPE SE','Front End Damage','NC - RALEIGH','$275.00 USD','$8000.00 USD','0'),('49482773','2017','VOLKSWAGEN','JETTA SE','Front End Damage','CT - HARTFORD SPRINGFIELD','$1500.00 USD','$2900.00 USD','0'),('49509743','2018','FORD','C-MAX SE','Minor Dent/Scratches Damage','CT - HARTFORD SPRINGFIELD','$3500.00 USD','$8500.00 USD','0'),('49514243','2018','NISSAN','SENTRA S','Minor Dent/Scratches Damage','CT - HARTFORD SPRINGFIELD','$200.00 USD','$5500.00 USD','0'),('49615783','2017','MERCEDES-BENZ','E 300 4MATIC','Minor Dent/Scratches Damage','CT - HARTFORD SPRINGFIELD','$4000.00 USD','$16000.00 USD','0'),('49622403','2017','DODGE','GRAND CARAVAN SE','Minor Dent/Scratches Damage','NY - NEWBURGH','$500.00 USD','$5500.00 USD','0'),('49858803','2020','HYUNDAI','SANTA FE SE','Front End Damage','WV - CHARLESTON','$7000.00 USD','$9500.00 USD','0'),('49907813','2021','NISSAN','VERSA SV','Normal Wear Damage','FL - WEST PALM BEACH','$0.00 USD','$14500.00 USD','0'),('49924133','2017','HYUNDAI','SANTA FE SPORT','Front End Damage','GA - ATLANTA SOUTH','$1000.00 USD','$4000.00 USD','0'),('49951803','2022','NISSAN','SENTRA SV','Normal Wear Damage','FL - WEST PALM BEACH','$0.00 USD','$19000.00 USD','0'),('50056733','2020','HONDA','CIVIC LX','Minor Dent/Scratches Damage','FL - ORLANDO SOUTH','$500.00 USD','$21900.00 USD','0'),('50062773','2019','FORD','FUSION SE','Normal Wear Damage','FL - ORLANDO SOUTH','$0.00 USD','$11700.00 USD','0'),('50126373','2020','LAND','ROVER RANGE ROVER EVOQUE S','Minor Dent/Scratches Damage','CT - HARTFORD SPRINGFIELD','$0.00 USD','$35000.00 USD','0'),('50219023','2019','TOYOTA','COROLLA L','Normal Wear Damage','FL - ORLANDO SOUTH','$0.00 USD','$12000.00 USD','0'),('50416653','2020','MITSUBISHI','OUTLANDER SPORT ES','Minor Dent/Scratches Damage','CT - HARTFORD SPRINGFIELD','$4550.00 USD','$15500.00 USD','0'),('50416803','2020','HYUNDAI','ELANTRA SE','Minor Dent/Scratches Damage','CT - HARTFORD SPRINGFIELD','$0.00 USD','$11500.00 USD','0'),('50462213','2018','DODGE','GRAND CARAVAN SXT','Minor Dent/Scratches Damage','CT - HARTFORD SPRINGFIELD','$0.00 USD','$8800.00 USD','0'),('50493443','2019','MERCEDES-BENZ','CLA 250','Minor Dent/Scratches Damage','CT - HARTFORD SPRINGFIELD','$0.00 USD','$21000.00 USD','0'),('50683413','2017','CHEVROLET','SILVERADO K1500 LT','All Over Damage','MA - SOUTH BOSTON','$80.00 USD','$18900.00 USD','0'),('50710283','2019','TESLA','MODEL 3','All Over Damage','MA - SOUTH BOSTON','$0.00 USD','$36900.00 USD','0'),('50772953','2017','HYUNDAI','SONATA SE','Minor Dent/Scratches Damage','CT - HARTFORD SPRINGFIELD','$1900.00 USD','$3200.00 USD','0'),('50783833','2017','NISSAN','SENTRA S','Front End Damage','FL - ORLANDO SOUTH','$100.00 USD','$5310.00 USD','0'),('50831513','2017','RAM','2500 ST','Minor Dent/Scratches Damage','FL - ORLANDO SOUTH','$100.00 USD','$35000.00 USD','0'),('51104312','2018','LAND','ROVER RANGE ROVER HSE','Minor Dent/Scratches Damage','CT - HARTFORD SPRINGFIELD','$200.00 USD','$44500.00 USD','0'),('59927272','2017','AUDI','Q7 PREMIUM PLUS','Minor Dent/Scratches Damage','CT - HARTFORD SPRINGFIELD','$200.00 USD','$16000.00 USD','0'),('65693282','2018','MERCEDES-BENZ','GLC 300 4MATIC','Minor Dent/Scratches Damage','CT - HARTFORD SPRINGFIELD','$0.00 USD','$20000.00 USD','0'),('67380162','2018','JAGUAR','F-PACE R - SPORT','Minor Dent/Scratches Damage','CT - HARTFORD SPRINGFIELD','$0.00 USD','$20500.00 USD','0'),('72477792','2017','LAND','ROVER RANGE ROVER AUTOBIOGRAPHY','Minor Dent/Scratches Damage','CT - HARTFORD SPRINGFIELD','$0.00 USD','$43000.00 USD','0'),('45909293','2018','HYUNDAI','SANTA FE SPORT','Minor Dent/Scratches Damage','IN - INDIANAPOLIS','$50.00 USD','$8600.00 USD','0'),('45924833','2018','CHEVROLET','MALIBU LS','Normal Wear Damage','TX - HOUSTON','$0.00 USD','$13500.00 USD','0'),('48916993','2017','FORD','FUSION SE','Minor Dent/Scratches Damage','FL - ORLANDO SOUTH','$2550.00 USD','$6500.00 USD','0'),('35804233','2018','MERCEDES-BENZ','E 300','Front End Damage','TX - DALLAS','$0.00 USD','$23500.00 USD','0'),('40289603','2017','LEXUS','RX 350 BASE','Front End Damage','TX - DALLAS','$375.00 USD','$31500.00 USD','0'),('40296613','2019','MERCEDES-BENZ','CLA 250','Minor Dent/Scratches Damage','TX - DALLAS','$0.00 USD','$23400.00 USD','0'),('40347763','2018','CHEVROLET','TAHOE POLICE','Minor Dent/Scratches Damage','TX - SAN ANTONIO','$0.00 USD','$13500.00 USD','0'),('41941633','2020','MERCEDES-BENZ','GLC 300','Normal Wear Damage','TX - HOUSTON EAST','$6600.00 USD','$26000.00 USD','0'),('42091513','2020','JAGUAR','F-PACE PRESTIGE','Minor Dent/Scratches Damage','TX - DALLAS SOUTH','$0.00 USD','$18500.00 USD','0'),('43024023','2017','FORD','TAURUS LIMITED','Minor Dent/Scratches Damage','TX - DALLAS','$1150.00 USD','$6500.00 USD','0'),('43409613','2017','MERCEDES-BENZ','GLC 300','Front End Damage','TX - DALLAS','$375.00 USD','$17800.00 USD','0'),('43710713','2019','CHEVROLET','TAHOE POLICE','Minor Dent/Scratches Damage','TX - SAN ANTONIO','$8000.00 USD','$11000.00 USD','0'),('43711733','2019','CHEVROLET','TAHOE POLICE','Minor Dent/Scratches Damage','TX - SAN ANTONIO','$8000.00 USD','$11000.00 USD','0'),('43715413','2017','CHEVROLET','TAHOE POLICE','Minor Dent/Scratches Damage','TX - SAN ANTONIO','$7000.00 USD','$9900.00 USD','0'),('43715723','2019','CHEVROLET','TAHOE POLICE','Front End Damage','TX - SAN ANTONIO','$8000.00 USD','$11000.00 USD','0'),('44139893','2018','MITSUBISHI','OUTLANDER SPORT ES','Front End Damage','TX - SAN ANTONIO','$1000.00 USD','$4000.00 USD','0'),('46243773','2019','GMC','SIERRA K2500 HEAVY DUTY','Front End Damage','TX - DALLAS SOUTH','$8500.00 USD','$16500.00 USD','0'),('46252693','2019','HYUNDAI','IONIQ BLUE','Minor Dent/Scratches Damage','TX - DALLAS SOUTH','$375.00 USD','$9500.00 USD','0'),('46384083','2017','MERCEDES-BENZ','GLS 550 4MATIC','Minor Dent/Scratches Damage','TX - DALLAS','$0.00 USD','$26000.00 USD','0'),('46466563','2019','PORSCHE','CAYMAN S','Minor Dent/Scratches Damage','IL - CHICAGO NORTH','$12400.00 USD','$54500.00 USD','0'),('46489283','2017','CHEVROLET','EQUINOX LT','Front End Damage','MN - MINNEAPOLIS','$1500.00 USD','$5700.00 USD','0'),('46688563','2017','AUDI','Q7 PREMIUM PLUS','Minor Dent/Scratches Damage','TX - DALLAS','$0.00 USD','$18800.00 USD','0'),('47572973','2022','JEEP','RENEGADE SPORT','Rear End Damage','TX - DALLAS','$475.00 USD','$15800.00 USD','0'),('47606723','2018','HYUNDAI','SANTA FE SPORT','Front End Damage','TX - DALLAS','$0.00 USD','$7500.00 USD','0'),('47625693','2018','MERCEDES-BENZ','GLE 350 4MATIC','Minor Dent/Scratches Damage','TX - DALLAS SOUTH','$0.00 USD','$21500.00 USD','0'),('47631863','2018','HYUNDAI','SANTA FE SPORT','Minor Dent/Scratches Damage','KS - KANSAS CITY','$2000.00 USD','$10500.00 USD','0'),('47979663','2020','VOLKSWAGEN','TIGUAN S','Normal Wear Damage','KS - KANSAS CITY','$0.00 USD','$20350.00 USD','0'),('48635413','2021','TOYOTA','PRIUS SPECIAL EDITION','Front End Damage','MN - MINNEAPOLIS','$0.00 USD','$13900.00 USD','0'),('48913453','2020','DODGE','CHALLENGER SXT','Front End Damage','TX - DALLAS SOUTH','$7000.00 USD','$9900.00 USD','1'),('48934323','2019','FORD','TRANSIT T-250','Normal Wear Damage','KS - KANSAS CITY','$0.00 USD','$9900.00 USD','1'),('49111363','2019','MERCEDES-BENZ','CLA 250 4MATIC','Minor Dent/Scratches Damage','TX - SAN ANTONIO','$0.00 USD','$22000.00 USD','1'),('49292863','2017','INFINITI','QX80 BASE','Minor Dent/Scratches Damage','TX - DALLAS','$0.00 USD','$17000.00 USD','1'),('49319203','2017','TOYOTA','CAMRY LE','Minor Dent/Scratches Damage','TX - DALLAS','$500.00 USD','$14500.00 USD','1'),('49458053','2018','VOLVO','XC90 T5','Rear End Damage','TX - DALLAS SOUTH','$425.00 USD','$21000.00 USD','1'),('49468913','2017','MERCEDES-BENZ','GLC 300','Front End Damage','TX - DALLAS','$0.00 USD','$18000.00 USD','1'),('49538993','2019','NISSAN','FRONTIER S','All Over Damage','TX - DALLAS','$425.00 USD','$19500.00 USD','1'),('49611803','2017','HYUNDAI','TUCSON LIMITED','Hail Damage','TX - DALLAS','$0.00 USD','$10000.00 USD','1'),('49649373','2017','MERCEDES-BENZ','CLA 250','Rear End Damage','TN - MEMPHIS','$0.00 USD','$8000.00 USD','1'),('50059523','2020','HONDA','ACCORD LX','Minor Dent/Scratches Damage','TX - DALLAS','$0.00 USD','$21400.00 USD','1'),('50063133','2019','HONDA','CIVIC LX','Minor Dent/Scratches Damage','TX - DALLAS','$500.00 USD','$20500.00 USD','1'),('50074943','2017','HONDA','ACCORD HYBRID','Minor Dent/Scratches Damage','TX - DALLAS','$0.00 USD','$17500.00 USD','1'),('50246303','2020','HYUNDAI','ELANTRA SEL','Rear End Damage','TX - DALLAS','$3500.00 USD','$10000.00 USD','1'),('50255123','2018','ALFA','ROMEO GIULIA','Front End Damage','TX - DALLAS','$8500.00 USD','$13000.00 USD','1'),('50295193','2021','GMC','SIERRA K1500 SLT','All Over Damage','TX - DALLAS','$14600.00 USD','$24500.00 USD','1'),('50299463','2018','CHEVROLET','SILVERADO K2500 HEAVY DUTY','Minor Dent/Scratches Damage','TX - DALLAS','$2950.00 USD','$31300.00 USD','1'),('50599763','2017','FORD','F150 SUPERCREW','Minor Dent/Scratches Damage','TX - DALLAS','$0.00 USD','$24000.00 USD','1'),('50606883','2017','KIA','FORTE LX','Minor Dent/Scratches Damage','TX - DALLAS','$0.00 USD','$13000.00 USD','1'),('50606983','2019','NISSAN','ROGUE SPORT S','Normal Wear Damage','TX - DALLAS','$0.00 USD','$17000.00 USD','1'),('50617323','2017','CHEVROLET','MALIBU LT','Minor Dent/Scratches Damage','TX - SAN ANTONIO','$0.00 USD','$9900.00 USD','1'),('50623783','2017','RAM','1500 SLT','Minor Dent/Scratches Damage','TX - DALLAS','$0.00 USD','$17000.00 USD','1'),('50647183','2021','RAM','1500 LIMITED','Normal Wear Damage','TX - DALLAS SOUTH','$375.00 USD','$44500.00 USD','1'),('50696883','2017','NISSAN','SENTRA S','Minor Dent/Scratches Damage','TX - DALLAS','$0.00 USD','$9500.00 USD','1'),('50727233','2017','KIA','SORENTO LX','Normal Wear Damage','TX - DALLAS','$0.00 USD','$12000.00 USD','1'),('50747753','2018','HYUNDAI','ELANTRA SEL','Front End Damage','TX - SAN ANTONIO','$0.00 USD','$8900.00 USD','1'),('50762953','2017','FORD','FUSION SE','Minor Dent/Scratches Damage','TX - SAN ANTONIO','$0.00 USD','$12900.00 USD','1'),('50800283','2017','LAND','ROVER DISCOVERY SPORT HSE','Normal Wear Damage','TX - DALLAS','$400.00 USD','$22000.00 USD','1'),('50922963','2017','TOYOTA','TACOMA DOUBLE CAB','Minor Dent/Scratches Damage','TX - DALLAS','$0.00 USD','$32550.00 USD','1'),('50924693','2017','TOYOTA','TACOMA DOUBLE CAB','Minor Dent/Scratches Damage','TX - DALLAS','$0.00 USD','$28550.00 USD','1'),('50926333','2022','TOYOTA','TACOMA DOUBLE CAB','Minor Dent/Scratches Damage','TX - DALLAS','$375.00 USD','$31550.00 USD','1'),('50928633','2019','TOYOTA','TACOMA DOUBLE CAB','Minor Dent/Scratches Damage','TX - DALLAS','$0.00 USD','$30550.00 USD','1'),('50930513','2018','HONDA','ACCORD LX','Minor Dent/Scratches Damage','TX - DALLAS','$0.00 USD','$19850.00 USD','1'),('50982473','2017','TOYOTA','TACOMA DOUBLE CAB','Minor Dent/Scratches Damage','TX - DALLAS','$0.00 USD','$27850.00 USD','1'),('51007373','2020','KIA','TELLURIDE EX','Normal Wear Damage','TX - DALLAS','$0.00 USD','$30000.00 USD','1'),('50403843','2018','CHEVROLET','MALIBU LT','Front End Damage','NM - ALBUQUERQUE','$0.00 USD','$9084.00 USD','1'),('50963163','2019','TOYOTA','4RUNNER SR5','Front End Damage','CO - DENVER','$0.00 USD','$44400.00 USD','1'),('38940983','2020','HYUNDAI','ELANTRA SE','Front End Damage','CA - ANTELOPE','$2000.00 USD','$3000.00 USD','1'),('44117703','2022','TOYOTA','CAMRY SE','Front End Damage','CA - ANTELOPE','$275.00 USD','$17500.00 USD','1'),('46217543','2017','SUBARU','FORESTER 2.5I PREMIUM','Normal Wear Damage','NV - RENO','$325.00 USD','$4700.00 USD','1'),('46624623','2020','CHEVROLET','SONIC','Front End Damage','CA - ANTELOPE','$175.00 USD','$5000.00 USD','1'),('46836683','2018','HYUNDAI','SONATA SE','Normal Wear Damage','CA - FRESNO','$0.00 USD','$16000.00 USD','1'),('46838343','2017','TOYOTA','TACOMA ACCESS CAB','Normal Wear Damage','CA - FRESNO','$125.00 USD','$27000.00 USD','1'),('47702963','2018','BMW','X6 SDRIVE35I','Minor Dent/Scratches Damage','CA - SAN BERNARDINO','$0.00 USD','$24500.00 USD','1'),('48022943','2018','KIA','OPTIMA LX','Normal Wear Damage','CA - FRESNO','$0.00 USD','$11400.00 USD','1'),('48023353','2018','HONDA','CR-V LX','Normal Wear Damage','CA - FRESNO','$0.00 USD','$23400.00 USD','1'),('48023473','2017','SUBARU','OUTBACK 2.5I PREMIUM','Normal Wear Damage','CA - FRESNO','$0.00 USD','$13900.00 USD','1'),('48023773','2018','NISSAN','VERSA S','Normal Wear Damage','CA - FRESNO','$0.00 USD','$10400.00 USD','1'),('48023833','2018','FORD','F150 SUPERCREW','Normal Wear Damage','CA - FRESNO','$0.00 USD','$25400.00 USD','1'),('48044523','2019','JEEP','WRANGLER UNLIMITED SAHARA','Minor Dent/Scratches Damage','NV - LAS VEGAS','$0.00 USD','$29000.00 USD','1'),('48829433','2022','ISUZU','NRR','Minor Dent/Scratches Damage','CA - ANTELOPE','$0.00 USD','$55000.00 USD','1'),('49005723','2017','HYUNDAI','ELANTRA SE','Front End Damage','CA - SAN BERNARDINO','$175.00 USD','$2350.00 USD','1'),('49247943','2017','HYUNDAI','IONIQ BLUE','Minor Dent/Scratches Damage','CA - SAN BERNARDINO','$0.00 USD','$8000.00 USD','1'),('49419223','2017','TOYOTA','TACOMA DOUBLE CAB','Normal Wear Damage','CA - FRESNO','$100.00 USD','$41900.00 USD','1'),('49556093','2017','LAND','ROVER RANGE ROVER SPORT HSE','Minor Dent/Scratches Damage','CA - ANTELOPE','$0.00 USD','$40000.00 USD','1'),('49565853','2020','BMW','750 XI','Front End Damage','CA - SAN BERNARDINO','$0.00 USD','$38000.00 USD','1'),('49756163','2017','ACURA','ILX PREMIUM TECH','Normal Wear Damage','CA - FRESNO','$0.00 USD','$21900.00 USD','1'),('49967983','2017','AUDI','Q7 PREMIUM','Minor Dent/Scratches Damage','CA - SAN BERNARDINO','$0.00 USD','$15000.00 USD','1'),('50055613','2018','KIA','SORENTO LX','Minor Dent/Scratches Damage','CA - SAN BERNARDINO','$0.00 USD','$9500.00 USD','1'),('50734993','2017','CHEVROLET','TRAVERSE LT','Front End Damage','CA - SAN JOSE','$0.00 USD','$9336.00 USD','1'),('41940323','2019','MERCEDES-BENZ','GLE COUPE 43 AMG','Minor Dent/Scratches Damage','FL - WEST PALM BEACH','$44500.00 USD','$53000.00 USD','1'),('42801463','2017','TOYOTA','CAMRY LE','Rear End Damage','AL - BIRMINGHAM','$6900.00 USD','$8000.00 USD','1'),('43083253','2021','HYUNDAI','KONA SEL','Front End Damage','NC - RALEIGH','$4800.00 USD','$7000.00 USD','1'),('43513273','2022','CHEVROLET','TRAVERSE RS','Rear End Damage','NV - LAS VEGAS','$23600.00 USD','$23900.00 USD','1'),('44320473','2019','TOYOTA','HIGHLANDER SE','Minor Dent/Scratches Damage','CT - HARTFORD','$19700.00 USD','$20700.00 USD','1'),('44392413','2023','NISSAN','ALTIMA SV','Rear End Damage','MI - DETROIT','$16600.00 USD','$16900.00 USD','1'),('44661273','2019','MERCEDES-BENZ','GLC 300 4MATIC','Front End Damage','PA - HARRISBURG','$14800.00 USD','$15200.00 USD','1'),('44858093','2020','TOYOTA','SIENNA XLE','Minor Dent/Scratches Damage','LA - BATON ROUGE','$18700.00 USD','$20000.00 USD','1'),('45496373','2017','NISSAN','JUKE S','Front End Damage','NC - RALEIGH','$6100.00 USD','$6800.00 USD','1'),('45726533','2018','CHEVROLET','COLORADO','Front End Damage','CO - DENVER','$3200.00 USD','$4000.00 USD','1'),('45925113','2020','TOYOTA','COROLLA LE','Minor Dent/Scratches Damage','DC - WASHINGTON DC','$11700.00 USD','$15500.00 USD','1'),('46623823','2023','TESLA','MODEL 3','Front End Damage','GA - ATLANTA SOUTH','$27000.00 USD','$27500.00 USD','1'),('46685733','2017','FORD','ESCAPE SE','Rear End Damage','NJ - SOMERVILLE','$2500.00 USD','$5200.00 USD','1'),('46687453','2018','HYUNDAI','ELANTRA SEL','All Over Damage','FL - TAMPA SOUTH','$4650.00 USD','$5000.00 USD','1'),('46925193','2019','TOYOTA','SIENNA','Normal Wear Damage','AL - BIRMINGHAM','$10300.00 USD','$10500.00 USD','1'),('47003503','2019','KIA','FORTE FE','Minor Dent/Scratches Damage','CT - HARTFORD','$5900.00 USD','$6900.00 USD','1'),('47035753','2020','TOYOTA','SIENNA LE','Minor Dent/Scratches Damage','AL - BIRMINGHAM','$11300.00 USD','$11500.00 USD','1'),('47036643','2019','TOYOTA','SIENNA','Minor Dent/Scratches Damage','AL - BIRMINGHAM','$9800.00 USD','$10900.00 USD','1'),('47264013','2017','NISSAN','ALTIMA 2.5','Front End Damage','TX - HOUSTON','$3200.00 USD','$8000.00 USD','1'),('47539863','2018','HYUNDAI','TUCSON SEL','Minor Dent/Scratches Damage','TN - KNOXVILLE','$9800.00 USD','$10200.00 USD','1'),('47573723','2020','CHEVROLET','SONIC','Front End Damage','OK - OKLAHOMA CITY','$2150.00 USD','$4850.00 USD','1'),('47856643','2019','AUDI','A4 PREMIUM','Minor Dent/Scratches Damage','CA - RANCHO CUCAMONGA','$12100.00 USD','$15000.00 USD','1'),('47856943','2022','FORD','EXPEDITION LIMITED','Front End Damage','FL - PUNTA GORDA SOUTH','$46000.00 USD','$46500.00 USD','1'),('47884793','2017','HYUNDAI','SONATA SE','Minor Dent/Scratches Damage','FL - TAMPA SOUTH','$2550.00 USD','$5875.00 USD','1'),('47979783','2020','HYUNDAI','ELANTRA SE','Minor Dent/Scratches Damage','FL - MIAMI NORTH','$4300.00 USD','$14300.00 USD','1'),('48023923','2017','JAGUAR','F-PACE PRESTIGE','Minor Dent/Scratches Damage','FL - MIAMI NORTH','$16700.00 USD','$18700.00 USD','1'),('48026323','2020','LAND','ROVER RANGE ROVER EVOQUE S','Minor Dent/Scratches Damage','WA - GRAHAM','$31500.00 USD','$33000.00 USD','1'),('48031273','2018','HYUNDAI','SONATA SE','Rear End Damage','TX - HOUSTON','$4650.00 USD','$6000.00 USD','1'),('48174293','2020','INFINITI','QX60 LUXE','All Over Damage','TX - HOUSTON','$7600.00 USD','$10000.00 USD','1'),('48234523','2019','NISSAN','SENTRA S','Rear End Damage','NC - RALEIGH','$3800.00 USD','$4500.00 USD','1'),('48238973','2017','HYUNDAI','TUCSON LIMITED','Hail Damage','MO - COLUMBIA','$8900.00 USD','$10400.00 USD','1'),('48278213','2021','HYUNDAI','SONATA SE','Front End Damage','NC - RALEIGH','$8100.00 USD','$15600.00 USD','1'),('48285993','2018','LEXUS','NX 300 BASE','Front End Damage','FL - TAMPA SOUTH','$10700.00 USD','$19725.00 USD','1'),('48453223','2020','TOYOTA','CAMRY LE','Minor Dent/Scratches Damage','MD - BALTIMORE EAST','$12600.00 USD','$13500.00 USD','1'),('48665803','2019','NISSAN','SENTRA S','Front End Damage','NE - LINCOLN','$2500.00 USD','$4100.00 USD','1'),('48672313','2018','RAM','3500 ST','Minor Dent/Scratches Damage','OK - OKLAHOMA CITY','$5400.00 USD','$28000.00 USD','1'),('48899603','2018','SUBARU','FORESTER 2','Normal Wear Damage','PA - HARRISBURG','$4250.00 USD','$8300.00 USD','1'),('48988433','2018','HYUNDAI','TUCSON SEL','Front End Damage','AL - BIRMINGHAM','$8800.00 USD','$9500.00 USD','1'),('48989593','2019','LAND','ROVER RANGE ROVER SPORT HSE','Rear End Damage','GA - ATLANTA SOUTH','$29000.00 USD','$34000.00 USD','1'),('48993573','2020','HYUNDAI','TUCSON SE','Minor Dent/Scratches Damage','AL - BIRMINGHAM','$11000.00 USD','$11500.00 USD','1'),('49045333','2017','MERCEDES-BENZ','GLA 250 4MATIC','Front End Damage','GA - ATLANTA WEST','$11000.00 USD','$12000.00 USD','2'),('49045843','2017','INFINITI','QX60','Rear End Damage','FL - TAMPA SOUTH','$10900.00 USD','$13000.00 USD','2'),('49092983','2017','HYUNDAI','ELANTRA SE','Minor Dent/Scratches Damage','MI - DETROIT','$2150.00 USD','$4800.00 USD','2'),('49113673','2018','HYUNDAI','ELANTRA SE','Front End Damage','OH - COLUMBUS','$3800.00 USD','$5950.00 USD','2'),('49138503','2017','GMC','YUKON SLT','Normal Wear Damage','FL - OCALA','$10300.00 USD','$18000.00 USD','2'),('49247103','2021','HYUNDAI','SONATA SEL','Rear End Damage','FL - TAMPA SOUTH','$11700.00 USD','$12000.00 USD','2'),('49260713','2021','BMW','X5 XDRIVE40I','Minor Dent/Scratches Damage','PA - HARRISBURG','$49750.00 USD','$55000.00 USD','2'),('49305373','2017','HONDA','ACCORD LX','Normal Wear Damage','MO - ST. LOUIS','$7000.00 USD','$10400.00 USD','2'),('49352493','2017','FORD','FOCUS SEL','Front End Damage','TX - HOUSTON','$1650.00 USD','$6500.00 USD','2'),('49368663','2022','HYUNDAI','SANTA FE CALLIGRAPHY','All Over Damage','UT - SALT LAKE CITY','$11700.00 USD','$16500.00 USD','2'),('49479463','2020','TOYOTA','CAMRY SE','Rear End Damage','AL - MOBILE SOUTH','$8600.00 USD','$11000.00 USD','2'),('49488643','2020','KIA','TELLURIDE S','Front End Damage','TX - HOUSTON','$9100.00 USD','$14500.00 USD','2'),('49495413','2021','LEXUS','IS 350 F-SPORT','Normal Wear Damage','MD - BALTIMORE EAST','$20100.00 USD','$26500.00 USD','2'),('49550733','2019','RAM','2500 TRADESMAN','Normal Wear Damage','FL - TAMPA SOUTH','$22600.00 USD','$39800.00 USD','2'),('49659493','2017','FORD','F350 SUPER DUTY','Normal Wear Damage','MO - COLUMBIA','$18700.00 USD','$29500.00 USD','2'),('49675683','2017','VOLVO','XC60 T5 DYNAMIC','Minor Dent/Scratches Damage','CA - HAYWARD','$7900.00 USD','$8800.00 USD','2'),('49724913','2019','TESLA','MODEL 3','Normal Wear Damage','CA - SACRAMENTO','$7500.00 USD','$36000.00 USD','2'),('49726333','2019','CHEVROLET','SUBURBAN K1500 LT','Front End Damage','NJ - SOMERVILLE','$4350.00 USD','$18000.00 USD','2'),('49749983','2017','RAM','5500','Minor Dent/Scratches Damage','FL - TAMPA SOUTH','$3050.00 USD','$31000.00 USD','2'),('49978493','2020','FORD','MUSTANG','Front End Damage','FL - MIAMI NORTH','$4150.00 USD','$8000.00 USD','2'),('50006663','2019','DODGE','GRAND CARAVAN SE','Minor Dent/Scratches Damage','NY - NEWBURGH','$3450.00 USD','$7500.00 USD','2'),('50036693','2017','SUBARU','CROSSTREK','Minor Dent/Scratches Damage','NJ - SOMERVILLE','$2350.00 USD','$5000.00 USD','2'),('50048353','2017','NISSAN','JUKE S','Front End Damage','WA - GRAHAM','$4650.00 USD','$5100.00 USD','2'),('50050013','2022','FORD','MUSTANG GT','Minor Dent/Scratches Damage','AL - BIRMINGHAM','$17800.00 USD','$25500.00 USD','2'),('50098203','2021','FORD','F150 SUPER CAB','Front End Damage','TX - CORPUS CHRISTI','$9800.00 USD','$24000.00 USD','2'),('50146033','2020','VOLKSWAGEN','JETTA SEL','Hail Damage','TX - HOUSTON','$14000.00 USD','$16500.00 USD','2'),('50311303','2017','FORD','TRANSIT T-250','Minor Dent/Scratches Damage','FL - WEST PALM BEACH','$13200.00 USD','$14000.00 USD','2'),('50494183','2020','JAGUAR','F-PACE CHECKERED FLAG','Minor Dent/Scratches Damage','TN - MEMPHIS','$23800.00 USD','$28000.00 USD','2'),('50558233','2019','HYUNDAI','ELANTRA SE','Front End Damage','TN - KNOXVILLE','$3500.00 USD','$4500.00 USD','2'),('50611223','2021','HYUNDAI','VENUE SEL','Normal Wear Damage','FL - TAMPA SOUTH','$12700.00 USD','$18800.00 USD','2'),('50629643','2021','HYUNDAI','ELANTRA SE','Rear End Damage','AL - BIRMINGHAM','$7300.00 USD','$13500.00 USD','2'),('50637203','2019','FORD','F150 SUPERCREW','Minor Dent/Scratches Damage','FL - TAMPA SOUTH','$8900.00 USD','$99000.00 USD','2'),('50641423','2019','NISSAN','SENTRA S','Normal Wear Damage','FL - WEST PALM BEACH','$8100.00 USD','$13000.00 USD','2'),('50642913','2017','HONDA','ACCORD LX','Normal Wear Damage','FL - WEST PALM BEACH','$6100.00 USD','$13000.00 USD','2'),('50660473','2017','FORD','F350 SUPER DUTY','Minor Dent/Scratches Damage','FL - TAMPA SOUTH','$28000.00 USD','$99000.00 USD','2'),('50660773','2019','CHEVROLET','SUBURBAN C1500 LS','Minor Dent/Scratches Damage','FL - TAMPA SOUTH','$4300.00 USD','$99000.00 USD','2'),('50661063','2019','FORD','FUSION TITANIUM','Minor Dent/Scratches Damage','FL - TAMPA SOUTH','$4000.00 USD','$99000.00 USD','2'),('50661863','2018','RAM','3500 ST','Minor Dent/Scratches Damage','FL - TAMPA SOUTH','$14000.00 USD','$99000.00 USD','2'),('50662143','2020','CHEVROLET','MALIBU LT','Minor Dent/Scratches Damage','FL - TAMPA SOUTH','$1900.00 USD','$99000.00 USD','2'),('50662573','2019','NISSAN','ROGUE S','Minor Dent/Scratches Damage','FL - TAMPA SOUTH','$3300.00 USD','$99000.00 USD','2'),('50674773','2018','RAM','2500 LARAMIE','Minor Dent/Scratches Damage','FL - TAMPA SOUTH','$17500.00 USD','$99000.00 USD','2'),('50677363','2020','FORD','F150 SUPERCREW','Minor Dent/Scratches Damage','FL - TAMPA SOUTH','$12600.00 USD','$99000.00 USD','2'),('50678673','2017','LAND','ROVER RANGE ROVER SUPERCHARGED','Normal Wear Damage','FL - MIAMI NORTH','$46250.00 USD','$53750.00 USD','2'),('50696523','2019','INFINITI','QX60 LUXE','Minor Dent/Scratches Damage','FL - TAMPA SOUTH','$4300.00 USD','$99000.00 USD','2'),('50724293','2018','RAM','3500 ST','Minor Dent/Scratches Damage','FL - TAMPA SOUTH','$15400.00 USD','$99000.00 USD','2'),('50727283','2018','RAM','1500 LONGHORN','Minor Dent/Scratches Damage','FL - TAMPA SOUTH','$8800.00 USD','$99000.00 USD','2'),('50728113','2020','FORD','F150 SUPERCREW','Minor Dent/Scratches Damage','FL - TAMPA SOUTH','$8500.00 USD','$99000.00 USD','2'),('50729803','2017','BMW','X3 SDRIVE28I','Minor Dent/Scratches Damage','FL - TAMPA SOUTH','$3250.00 USD','$99000.00 USD','2'),('50735893','2020','FORD','RANGER XL','Minor Dent/Scratches Damage','FL - TAMPA SOUTH','$4650.00 USD','$99000.00 USD','2'),('50740693','2018','FORD','F150 SUPERCREW','Minor Dent/Scratches Damage','FL - TAMPA SOUTH','$15500.00 USD','$99000.00 USD','2'),('50741593','2018','FORD','F150 SUPERCREW','Minor Dent/Scratches Damage','FL - TAMPA SOUTH','$12300.00 USD','$99000.00 USD','2'),('50744213','2018','FORD','EXPEDITION PLATINUM','Minor Dent/Scratches Damage','FL - TAMPA SOUTH','$6200.00 USD','$99000.00 USD','2'),('50745003','2018','FORD','F150 SUPERCREW','Minor Dent/Scratches Damage','FL - TAMPA SOUTH','$10000.00 USD','$99000.00 USD','2'),('50752683','2018','FORD','F150 SUPERCREW','Minor Dent/Scratches Damage','FL - TAMPA SOUTH','$12200.00 USD','$99000.00 USD','2'),('50757333','2017','MERCEDES-BENZ','E 300','Minor Dent/Scratches Damage','FL - TAMPA SOUTH','$14300.00 USD','$99000.00 USD','2'),('50833883','2017','NISSAN','NV 3500 S','Normal Wear Damage','LA - BATON ROUGE','$3650.00 USD','$7400.00 USD','2'),('70184682','2018','MERCEDES-BENZ','CLA 250 4MATIC','Minor Dent/Scratches Damage','AL - BIRMINGHAM','$15400.00 USD','$15600.00 USD','2'),('70497152','2017','MERCEDES-BENZ','CLA 250','Minor Dent/Scratches Damage','FL - WEST PALM BEACH','$11400.00 USD','$12000.00 USD','2'),('40788253','2019','JEEP','CHEROKEE LIMITED','Front End Damage','KY - WALTON','$0.00 USD','$5000.00 USD','2'),('40937373','2019','TOYOTA','CAMRY L','Rear End Damage','MA - NORTH BOSTON','$0.00 USD','$10500.00 USD','2'),('41540213','2017','NISSAN','PATHFINDER S','Front End Damage','MI - IONIA','$2000.00 USD','$4000.00 USD','2'),('41773503','2019','HYUNDAI','IONIQ BLUE','Normal Wear Damage','MI - LANSING','$0.00 USD','$12000.00 USD','2'),('41773573','2019','HYUNDAI','IONIQ BLUE','Normal Wear Damage','MI - LANSING','$0.00 USD','$12000.00 USD','2'),('41773723','2019','HYUNDAI','IONIQ BLUE','Normal Wear Damage','MI - LANSING','$350.00 USD','$12000.00 USD','2'),('41773913','2019','HYUNDAI','IONIQ BLUE','Normal Wear Damage','MI - LANSING','$225.00 USD','$12000.00 USD','2'),('42180433','2022','TOYOTA','COROLLA LE','Front End Damage','MA - NORTH BOSTON','$125.00 USD','$11000.00 USD','2'),('42501463','2017','CHEVROLET','CRUZE LT','Rear End Damage','MI - IONIA','$0.00 USD','$2450.00 USD','2'),('42823643','2019','FORD','EXPLORER POLICE INTERCEPTOR','Minor Dent/Scratches Damage','MA - NORTH BOSTON','$0.00 USD','$9000.00 USD','2'),('42944323','2017','BMW','X5 XDRIVE35I','Minor Dent/Scratches Damage','MA - NORTH BOSTON','$0.00 USD','$15500.00 USD','2'),('42944553','2018','DODGE','CHALLENGER R/T 392','Minor Dent/Scratches Damage','MA - NORTH BOSTON','$0.00 USD','$27000.00 USD','2'),('43226553','2019','CHEVROLET','CRUZE LS','Front End Damage','KY - WALTON','$0.00 USD','$3000.00 USD','2'),('43538533','2020','MITSUBISHI','OUTLANDER SPORT ES','Front End Damage','MI - DETROIT','$0.00 USD','$8500.00 USD','2'),('43538823','2021','NISSAN','ROGUE SPORT S','Front End Damage','MI - DETROIT','$6100.00 USD','$11900.00 USD','2'),('43542523','2020','FORD','EDGE SEL','Rear End Damage','MI - DETROIT','$350.00 USD','$11900.00 USD','2'),('43732223','2017','AUDI','Q7 PREMIUM PLUS','Minor Dent/Scratches Damage','NC - RALEIGH NORTH','$0.00 USD','$17400.00 USD','2'),('43854663','2018','BUICK','ENCORE PREFERRED','Front End Damage','FL - TAMPA SOUTH','$350.00 USD','$6000.00 USD','2'),('44142483','2017','FORD','FUSION SE HYBRID','All Over Damage','SC - COLUMBIA','$0.00 USD','$4200.00 USD','2'),('44818683','2018','LAND','ROVER RANGE ROVER EVOQUE SE','Minor Dent/Scratches Damage','MA - NORTH BOSTON','$0.00 USD','$14000.00 USD','2'),('44871123','2017','MERCEDES-BENZ','GLS 450 4MATIC','Minor Dent/Scratches Damage','MA - NORTH BOSTON','$0.00 USD','$22500.00 USD','2'),('45050453','2017','NISSAN','SENTRA S','Front End Damage','IN - INDIANAPOLIS','$400.00 USD','$1950.00 USD','2'),('45432593','2017','HYUNDAI','TUCSON LIMITED','Minor Dent/Scratches Damage','IN - INDIANAPOLIS','$0.00 USD','$11000.00 USD','2'),('45509733','2017','AUDI','Q7 PREMIUM PLUS','Minor Dent/Scratches Damage','MA - NORTH BOSTON','$0.00 USD','$20500.00 USD','2'),('45514403','2020','TOYOTA','CAMRY LE','Minor Dent/Scratches Damage','MA - NORTH BOSTON','$125.00 USD','$15200.00 USD','2'),('45943113','2017','MERCEDES-BENZ','E 300 4MATIC','Minor Dent/Scratches Damage','MA - NORTH BOSTON','$1100.00 USD','$18500.00 USD','2'),('45958593','2019','HYUNDAI','ELANTRA SEL','Front End Damage','NC - RALEIGH NORTH','$0.00 USD','$7000.00 USD','2'),('45958703','2018','HYUNDAI','ELANTRA SEL','Front End Damage','NC - RALEIGH NORTH','$0.00 USD','$6200.00 USD','2'),('45963973','2018','MERCEDES-BENZ','E 300 4MATIC','Normal Wear Damage','FL - MIAMI NORTH','$21700.00 USD','$31750.00 USD','2'),('46094903','2018','CADILLAC','ESCALADE ESV LUXURY','Minor Dent/Scratches Damage','MA - NORTH BOSTON','$0.00 USD','$21900.00 USD','2'),('46212303','2019','MERCEDES-BENZ','A 220','Minor Dent/Scratches Damage','FL - MIAMI NORTH','$0.00 USD','$18500.00 USD','2'),('46224003','2021','CHEVROLET','TAHOE C1500 HIGH COUNTRY','Minor Dent/Scratches Damage','MA - NORTH BOSTON','$0.00 USD','$46000.00 USD','2'),('46372903','2017','JEEP','GRAND CHEROKEE TRAILHAWK','Minor Dent/Scratches Damage','MA - NORTH BOSTON','$0.00 USD','$13000.00 USD','2'),('46457093','2018','LAND','ROVER RANGE ROVER VELAR S','Normal Wear Damage','MA - NORTH BOSTON','$125.00 USD','$29000.00 USD','2'),('46609333','2018','HYUNDAI','SONATA SE','Rear End Damage','FL - PUNTA GORDA SOUTH','$0.00 USD','$10000.00 USD','2'),('46624273','2021','RAM','3500','Minor Dent/Scratches Damage','MA - NORTH BOSTON','$0.00 USD','$27500.00 USD','2'),('46766663','2017','DODGE','DURANGO CITADEL','Front End Damage','SC - COLUMBIA','$0.00 USD','$13000.00 USD','2'),('46816693','2018','MERCEDES-BENZ','E 300 4MATIC','Minor Dent/Scratches Damage','MA - NORTH BOSTON','$1100.00 USD','$21500.00 USD','2'),('46824493','2020','MERCEDES-BENZ','GLE 350 4MATIC','Normal Wear Damage','MA - NORTH BOSTON','$0.00 USD','$42900.00 USD','2'),('46986093','2020','MERCEDES-BENZ','GLE 350 4MATIC','Normal Wear Damage','MA - NORTH BOSTON','$0.00 USD','$46000.00 USD','2'),('47203103','2021','VOLKSWAGEN','PASSAT SE','Front End Damage','MI - DETROIT','$0.00 USD','$11500.00 USD','2'),('47426503','2017','FORD','F250 SUPER DUTY','Minor Dent/Scratches Damage','VA - RICHMOND','$0.00 USD','$47000.00 USD','2'),('47516343','2017','AUDI','Q3 PREMIUM','Rear End Damage','MA - NORTH BOSTON','$0.00 USD','$9000.00 USD','3'),('47540393','2018','MERCEDES-BENZ','S 450','Minor Dent/Scratches Damage','FL - TAMPA SOUTH','$1000.00 USD','$41000.00 USD','3'),('47572803','2019','CADILLAC','ESCALADE ESV PREMIUM LUXURY','Minor Dent/Scratches Damage','MA - NORTH BOSTON','$0.00 USD','$37000.00 USD','3'),('47616033','2017','GMC','SIERRA K1500 DENALI','Normal Wear Damage','MA - NORTH BOSTON','$0.00 USD','$29500.00 USD','3'),('47619633','2020','GMC','SIERRA K1500 SLT','Normal Wear Damage','MA - NORTH BOSTON','$0.00 USD','$31300.00 USD','3'),('47660943','2019','MERCEDES-BENZ','G 63 AMG','Minor Dent/Scratches Damage','FL - TAMPA SOUTH','$300.00 USD','$163000.00 USD','3'),('47662203','2017','CHEVROLET','SILVERADO K1500 LT','Normal Wear Damage','FL - TAMPA SOUTH','$500.00 USD','$14250.00 USD','3'),('47663243','2017','NISSAN','ARMADA PLATINUM','Minor Dent/Scratches Damage','FL - TAMPA SOUTH','$0.00 USD','$27500.00 USD','3'),('47665893','2018','BMW','640 I GRAN COUPE','Minor Dent/Scratches Damage','FL - TAMPA SOUTH','$300.00 USD','$37000.00 USD','3'),('47674523','2018','MITSUBISHI','MIRAGE ES','Minor Dent/Scratches Damage','FL - TAMPA SOUTH','$0.00 USD','$8725.00 USD','3'),('47738423','2017','AUDI','Q7 PREMIUM PLUS','Minor Dent/Scratches Damage','MA - NORTH BOSTON','$0.00 USD','$18500.00 USD','3'),('47767383','2023','TOYOTA','CAMRY LE','Front End Damage','MA - NORTH BOSTON','$0.00 USD','$18000.00 USD','3'),('47872703','2017','HYUNDAI','SONATA SE','Minor Dent/Scratches Damage','SC - COLUMBIA','$200.00 USD','$4200.00 USD','3'),('47949133','2017','MASERATI','GHIBLI S','Rear End Damage','MA - NORTH BOSTON','$0.00 USD','$13000.00 USD','3'),('48014683','2017','CHEVROLET','TRAVERSE LT','Front End Damage','PA - PHILADELPHIA','$0.00 USD','$3100.00 USD','3'),('48034083','2017','HYUNDAI','TUCSON LIMITED','Normal Wear Damage','DC - WASHINGTON DC','$225.00 USD','$7900.00 USD','3'),('48105353','2018','JEEP','GRAND CHEROKEE LAREDO','Minor Dent/Scratches Damage','GA - ATLANTA WEST','$275.00 USD','$11000.00 USD','3'),('48233183','2018','LAND','ROVER RANGE ROVER VELAR S','Minor Dent/Scratches Damage','MI - DETROIT','$0.00 USD','$36500.00 USD','3'),('48236693','2020','MERCEDES-BENZ','GLE 350 4MATIC','Normal Wear Damage','MA - NORTH BOSTON','$0.00 USD','$40000.00 USD','3'),('48276703','2019','KIA','SPORTAGE LX','Minor Dent/Scratches Damage','MI - DETROIT','$350.00 USD','$11000.00 USD','3'),('48330463','2020','TESLA','MODEL Y','Minor Dent/Scratches Damage','MA - NORTH BOSTON','$0.00 USD','$39500.00 USD','3'),('48332793','2018','NISSAN','FRONTIER SV','Minor Dent/Scratches Damage','FL - TAMPA SOUTH','$300.00 USD','$17500.00 USD','3'),('48423863','2018','LAND','ROVER RANGE ROVER VELAR S','Normal Wear Damage','MA - NORTH BOSTON','$0.00 USD','$29250.00 USD','3'),('48467103','2018','MERCEDES-BENZ','C 63 AMG','Minor Dent/Scratches Damage','FL - PUNTA GORDA SOUTH','$0.00 USD','$36000.00 USD','3'),('48486783','2021','NISSAN','VERSA SV','Front End Damage','MI - DETROIT','$325.00 USD','$7900.00 USD','3'),('48508533','2020','HONDA','FIT LX','Minor Dent/Scratches Damage','NJ - SOMERVILLE','$0.00 USD','$13500.00 USD','3'),('48590353','2017','BMW','X5 XDRIVE35I','Normal Wear Damage','MA - NORTH BOSTON','$125.00 USD','$17000.00 USD','3'),('48605353','2018','FORD','ECOSPORT SE','Minor Dent/Scratches Damage','MI - LANSING','$0.00 USD','$7000.00 USD','3'),('48739963','2018','JEEP','GRAND CHEROKEE SUMMIT','Minor Dent/Scratches Damage','MA - NORTH BOSTON','$0.00 USD','$18500.00 USD','3'),('48779193','2020','MERCEDES-BENZ','GLE 350 4MATIC','Normal Wear Damage','MA - NORTH BOSTON','$0.00 USD','$42500.00 USD','3'),('48819623','2017','NISSAN','VERSA S','Minor Dent/Scratches Damage','FL - TAMPA SOUTH','$0.00 USD','$11925.00 USD','3'),('48919273','2020','TOYOTA','CAMRY LE','Rear End Damage','FL - TAMPA SOUTH','$0.00 USD','$14300.00 USD','3'),('48995903','2017','MERCEDES-BENZ','GLS 550 4MATIC','Minor Dent/Scratches Damage','FL - TAMPA SOUTH','$0.00 USD','$30000.00 USD','3'),('49019713','2018','BMW','X5 XDRIVE35I','Minor Dent/Scratches Damage','MA - NORTH BOSTON','$0.00 USD','$24500.00 USD','3'),('49094453','2017','LAND','ROVER RANGE ROVER HSE','Minor Dent/Scratches Damage','MA - NORTH BOSTON','$0.00 USD','$23000.00 USD','3'),('49153183','2018','MERCEDES-BENZ','GLE 43 AMG','Minor Dent/Scratches Damage','MA - NORTH BOSTON','$0.00 USD','$35000.00 USD','3'),('49342953','2017','AUDI','Q7 PRESTIGE','Normal Wear Damage','MA - NORTH BOSTON','$0.00 USD','$28995.00 USD','3'),('49373253','2020','FORD','F150','Front End Damage','GA - ATLANTA WEST','$500.00 USD','$12000.00 USD','3'),('49376073','2019','FORD','F250 SUPER DUTY','Front End Damage','GA - ATLANTA WEST','$600.00 USD','$17000.00 USD','3'),('49386613','2017','NISSAN','TITAN XD SL','Normal Wear Damage','MA - NORTH BOSTON','$0.00 USD','$16500.00 USD','3'),('49387473','2021','CHEVROLET','TRAVERSE RS','Normal Wear Damage','MA - NORTH BOSTON','$0.00 USD','$29500.00 USD','3'),('49440203','2018','HYUNDAI','TUCSON SEL','Minor Dent/Scratches Damage','OH - COLUMBUS','$0.00 USD','$11000.00 USD','3'),('49482573','2020','MERCEDES-BENZ','GLB 250','Normal Wear Damage','MA - NORTH BOSTON','$0.00 USD','$27000.00 USD','3'),('49491053','2020','RAM','1500 BIG HORN/LONE STAR','Rear End Damage','MA - NORTH BOSTON','$0.00 USD','$26000.00 USD','3'),('49566903','2020','MERCEDES-BENZ','GLS 450 4MATIC','Normal Wear Damage','MA - NORTH BOSTON','$0.00 USD','$57000.00 USD','3'),('49641913','2019','AUDI','A4 PREMIUM','Minor Dent/Scratches Damage','FL - MIAMI NORTH','$175.00 USD','$17000.00 USD','3'),('49753333','2018','NISSAN','MAXIMA 3.5S','Minor Dent/Scratches Damage','FL - TAMPA SOUTH','$0.00 USD','$15500.00 USD','3'),('49753953','2021','HYUNDAI','TUCSON SE','Minor Dent/Scratches Damage','FL - TAMPA SOUTH','$0.00 USD','$20575.00 USD','3'),('49816913','2017','FORD','TRANSIT T-350','Minor Dent/Scratches Damage','MA - NORTH BOSTON','$0.00 USD','$13500.00 USD','3'),('49819133','2017','MERCEDES-BENZ','C 300 4MATIC','Front End Damage','MA - NORTH BOSTON','$0.00 USD','$13300.00 USD','3'),('49851333','2018','LAND','ROVER RANGE ROVER VELAR S','Minor Dent/Scratches Damage','MA - NORTH BOSTON','$0.00 USD','$30000.00 USD','3'),('49867033','2017','TOYOTA','CAMRY LE','Front End Damage','FL - TAMPA SOUTH','$0.00 USD','$8500.00 USD','3'),('49928723','2018','LAND','ROVER RANGE ROVER SUPERCHARGED','Normal Wear Damage','MA - NORTH BOSTON','$0.00 USD','$43000.00 USD','3'),('50006063','2017','LAND','ROVER RANGE ROVER EVOQUE HSE DYNAMIC','Normal Wear Damage','MA - NORTH BOSTON','$0.00 USD','$20900.00 USD','3'),('50012313','2020','TOYOTA','CAMRY LE','Normal Wear Damage','MA - NORTH BOSTON','$0.00 USD','$19000.00 USD','3'),('50036943','2020','MERCEDES-BENZ','CLA 250 4MATIC','Normal Wear Damage','MA - NORTH BOSTON','$0.00 USD','$33995.00 USD','3'),('50067303','2021','AUDI','Q5 PREMIUM','Front End Damage','NJ - SOMERVILLE','$0.00 USD','$17000.00 USD','3'),('50124283','2017','MERCEDES-BENZ','C 300 4MATIC','Normal Wear Damage','MA - NORTH BOSTON','$0.00 USD','$17500.00 USD','3'),('50134793','2018','FORD','FUSION SE HYBRID','Minor Dent/Scratches Damage','CT - HARTFORD','$0.00 USD','$7500.00 USD','3'),('50227053','2017','JAGUAR','F-PACE PRESTIGE','Normal Wear Damage','MA - NORTH BOSTON','$0.00 USD','$21000.00 USD','3'),('50233633','2017','CHEVROLET','SILVERADO K1500 HIGH COUNTRY','Minor Dent/Scratches Damage','MA - NORTH BOSTON','$0.00 USD','$18500.00 USD','3'),('50253763','2018','RAM','3500 SLT','Normal Wear Damage','MI - LANSING','$225.00 USD','$19500.00 USD','3'),('50267683','2018','HYUNDAI','SONATA SPORT','Normal Wear Damage','MA - NORTH BOSTON','$0.00 USD','$9000.00 USD','3'),('50372313','2017','FORD','FUSION SE','Normal Wear Damage','MA - NORTH BOSTON','$0.00 USD','$8000.00 USD','3'),('50378563','2017','AUDI','Q5 PREMIUM PLUS','Minor Dent/Scratches Damage','MA - NORTH BOSTON','$0.00 USD','$10000.00 USD','3'),('50422783','2020','HONDA','ACCORD EXL','Minor Dent/Scratches Damage','FL - TAMPA SOUTH','$0.00 USD','$30000.00 USD','3'),('50423393','2017','LEXUS','IS 200T','Rear End Damage','FL - TAMPA SOUTH','$0.00 USD','$19500.00 USD','3'),('50427833','2019','BMW','X7 XDRIVE40I','Normal Wear Damage','MA - NORTH BOSTON','$0.00 USD','$45500.00 USD','3'),('50557873','2019','TOYOTA','HIGHLANDER LIMITED','All Over Damage','MA - NORTH BOSTON','$0.00 USD','$18500.00 USD','3'),('50662863','2020','MERCEDES-BENZ','GLC 300 4MATIC','Front End Damage','MA - NORTH BOSTON','$0.00 USD','$19000.00 USD','3'),('50694303','2017','RAM','PROMASTER CITY','Minor Dent/Scratches Damage','FL - TAMPA SOUTH','$0.00 USD','$99000.00 USD','3'),('50695223','2018','TOYOTA','TUNDRA CREWMAX 1794','Normal Wear Damage','GA - ATLANTA WEST','$0.00 USD','$36000.00 USD','3'),('50815993','2019','HYUNDAI','TUCSON LIMITED','Normal Wear Damage','FL - TAMPA SOUTH','$7000.00 USD','$23500.00 USD','3'),('50852773','2017','LAND','ROVER RANGE ROVER SPORT HSE','Minor Dent/Scratches Damage','MA - NORTH BOSTON','$0.00 USD','$22500.00 USD','3'),('50853153','2019','BMW','530 I','Normal Wear Damage','MA - NORTH BOSTON','$0.00 USD','$22500.00 USD','3'),('50926603','2017','CHEVROLET','SILVERADO K2500 HEAVY DUTY LT','Minor Dent/Scratches Damage','FL - TAMPA SOUTH','$0.00 USD','$99000.00 USD','3'),('50927423','2020','FORD','F150 SUPERCREW','Minor Dent/Scratches Damage','FL - TAMPA SOUTH','$0.00 USD','$99000.00 USD','3'),('50928323','2019','FORD','F150 SUPERCREW','Minor Dent/Scratches Damage','FL - TAMPA SOUTH','$2000.00 USD','$99000.00 USD','3'),('50929213','2017','JEEP','WRANGLER UNLIMITED RUBICON','Minor Dent/Scratches Damage','FL - TAMPA SOUTH','$1050.00 USD','$99000.00 USD','3'),('50933363','2018','CADILLAC','XT5 PREMIUM LUXURY','Minor Dent/Scratches Damage','FL - TAMPA SOUTH','$300.00 USD','$99000.00 USD','3'),('50940703','2018','HONDA','CIVIC EX','Minor Dent/Scratches Damage','FL - TAMPA SOUTH','$0.00 USD','$19000.00 USD','3'),('50980573','2017','BMW','X1 XDRIVE28I','Minor Dent/Scratches Damage','MA - NORTH BOSTON','$0.00 USD','$9500.00 USD','3'),('50981183','2018','BMW','X2 XDRIVE28I','Minor Dent/Scratches Damage','MA - NORTH BOSTON','$0.00 USD','$16000.00 USD','3'),('50983823','2017','MERCEDES-BENZ','GLS 450 4MATIC','Minor Dent/Scratches Damage','MA - NORTH BOSTON','$0.00 USD','$23000.00 USD','3'),('50984943','2017','MERCEDES-BENZ','GLE COUPE 43 AMG','Minor Dent/Scratches Damage','MA - NORTH BOSTON','$0.00 USD','$35500.00 USD','3'),('51044443','2018','FORD','FOCUS SE','Front End Damage','MA - NORTH BOSTON','$0.00 USD','$3960.00 USD','3'),('51070323','2018','LAND','ROVER RANGE ROVER VELAR S','Minor Dent/Scratches Damage','MA - NORTH BOSTON','$0.00 USD','$29000.00 USD','3'),('51087823','2020','RAM','2500 TRADESMAN','Minor Dent/Scratches Damage','GA - ATLANTA WEST','$0.00 USD','$48500.00 USD','3'),('51109053','2017','FORD','ESCAPE SE','Normal Wear Damage','MA - NORTH BOSTON','$0.00 USD','$11500.00 USD','3'),('51136483','2019','FORD','F250 SUPER DUTY','Minor Dent/Scratches Damage','FL - TAMPA SOUTH','$0.00 USD','$99000.00 USD','3'),('51138653','2017','NISSAN','PATHFINDER S','Minor Dent/Scratches Damage','FL - TAMPA SOUTH','$0.00 USD','$99000.00 USD','3'),('51140573','2017','RAM','3500 ST','Minor Dent/Scratches Damage','FL - TAMPA SOUTH','$0.00 USD','$99000.00 USD','3'),('51144243','2018','FORD','EDGE TITANIUM','Minor Dent/Scratches Damage','FL - TAMPA SOUTH','$0.00 USD','$99000.00 USD','3'),('51145113','2019','VOLVO','S60 T5 MOMENTUM','Minor Dent/Scratches Damage','FL - TAMPA SOUTH','$0.00 USD','$150000.00 USD','3'),('71472842','2019','LAND','ROVER RANGE ROVER HSE','Normal Wear Damage','FL - TAMPA SOUTH','$0.00 USD','$60000.00 USD','3'),('73259492','2020','HONDA','CIVIC EX','Front End Damage','DC - WASHINGTON DC','$225.00 USD','$999999.00 USD','3'),('37574773','2018','HYUNDAI','ELANTRA SE','Front End Damage','MS - JACKSON','$0.00 USD','$5500.00 USD','3'),('40379783','2017','KIA','SEDONA L','Minor Dent/Scratches Damage','MO - ST. LOUIS','$0.00 USD','$8700.00 USD','3'),('41260763','2022','BMW','228XI','Rear End Damage','TX - HOUSTON','$0.00 USD','$18000.00 USD','3'),('42277423','2019','NISSAN','FRONTIER S','Front End Damage','OK - TULSA','$0.00 USD','$3900.00 USD','3'),('45691593','2020','KIA','RIO LX','Front End Damage','MO - ST. LOUIS','$0.00 USD','$7300.00 USD','4'),('46200753','2017','KIA','SOUL +','Front End Damage','OK - TULSA','$800.00 USD','$3500.00 USD','4'),('46419853','2017','MAZDA','3 SPORT','Rear End Damage','MO - ST. LOUIS','$100.00 USD','$3300.00 USD','4'),('46862613','2020','TOYOTA','COROLLA LE','Rear End Damage','IL - CHICAGO SOUTH','$0.00 USD','$8900.00 USD','4'),('47121483','2022','TOYOTA','HIGHLANDER L','Front End Damage','TX - HOUSTON','$0.00 USD','$17600.00 USD','4'),('47235023','2017','NISSAN','ARMADA SV','Front End Damage','OK - TULSA','$225.00 USD','$12500.00 USD','4'),('47736353','2019','TOYOTA','4RUNNER SR5','Front End Damage','TX - HOUSTON','$0.00 USD','$16700.00 USD','4'),('47850563','2020','NISSAN','KICKS S','Front End Damage','TX - HOUSTON','$0.00 USD','$8000.00 USD','4'),('48072223','2017','HYUNDAI','ACCENT SE','Rear End Damage','TX - HOUSTON','$0.00 USD','$2550.00 USD','4'),('48135643','2019','NISSAN','FRONTIER S','All Over Damage','MS - JACKSON','$0.00 USD','$2800.00 USD','4'),('48543373','2019','HYUNDAI','SANTA FE SE','Front End Damage','IL - CHICAGO SOUTH','$0.00 USD','$9500.00 USD','4'),('48548103','2017','CHEVROLET','EXPRESS G3500','Minor Dent/Scratches Damage','IL - CHICAGO SOUTH','$0.00 USD','$6500.00 USD','4'),('48556103','2022','TOYOTA','4RUNNER SR5','Front End Damage','TX - HOUSTON','$0.00 USD','$17300.00 USD','4'),('48794613','2021','LEXUS','RX 350','Front End Damage','TX - HOUSTON','$0.00 USD','$22500.00 USD','4'),('48833333','2017','NISSAN','SENTRA S','Normal Wear Damage','TX - FT. WORTH','$0.00 USD','$2900.00 USD','4'),('48883403','2018','FORD','ESCAPE SE','Front End Damage','TX - FT. WORTH','$0.00 USD','$7000.00 USD','4'),('48979463','2022','VOLKSWAGEN','JETTA S','Front End Damage','TX - HOUSTON','$0.00 USD','$9100.00 USD','4'),('49156393','2020','NISSAN','ALTIMA SR','Front End Damage','TX - HOUSTON','$0.00 USD','$10400.00 USD','4'),('49510643','2021','FORD','F250 SUPER DUTY','Front End Damage','TX - HOUSTON','$0.00 USD','$23300.00 USD','4'),('49695553','2017','MERCEDES-BENZ','C 300','Normal Wear Damage','TX - HOUSTON','$9500.00 USD','$16400.00 USD','4'),('49747423','2020','TOYOTA','COROLLA LE','Rear End Damage','TX - FT. WORTH','$375.00 USD','$25500.00 USD','4'),('49751603','2018','GENESIS','G80 SPORT','Rear End Damage','MS - GRENADA','$0.00 USD','$16500.00 USD','4'),('50010043','2017','HYUNDAI','ELANTRA SE','Front End Damage','TX - HOUSTON','$0.00 USD','$10260.00 USD','4'),('50140983','2021','LEXUS','IS 300','Normal Wear Damage','TX - HOUSTON','$225.00 USD','$21560.00 USD','4'),('50212113','2018','LAND','ROVER RANGE ROVER SPORT HSE','Minor Dent/Scratches Damage','IL - CHICAGO SOUTH','$0.00 USD','$49900.00 USD','4'),('50248773','2018','JAGUAR','F-PACE S','Front End Damage','IL - CHICAGO SOUTH','$200.00 USD','$10000.00 USD','4'),('50274643','2018','NISSAN','MURANO S','Minor Dent/Scratches Damage','TX - HOUSTON','$0.00 USD','$17995.00 USD','4'),('50290403','2017','FORD','FOCUS S','Minor Dent/Scratches Damage','IA - DES MOINES','$2400.00 USD','$11500.00 USD','4'),('50464623','2017','FORD','FOCUS SE','Front End Damage','TX - ABILENE','$0.00 USD','$1800.00 USD','4'),('50552903','2018','BENTLEY','BENTAYGA','Minor Dent/Scratches Damage','TX - HOUSTON','$59500.00 USD','$173000.00 USD','4'),('50834393','2021','CHEVROLET','BLAZER 1LT','Normal Wear Damage','LA - BATON ROUGE','$125.00 USD','$26500.00 USD','4'),('50851213','2017','JEEP','CHEROKEE SPORT','Minor Dent/Scratches Damage','TX - HOUSTON','$0.00 USD','$8500.00 USD','4'),('50891063','2019','CHEVROLET','SILVERADO K1500 LT TRAIL BOSS','Normal Wear Damage','TX - HOUSTON','$0.00 USD','$30000.00 USD','4'),('51002633','2020','GMC','SIERRA K2500 AT4','Normal Wear Damage','TX - HOUSTON','$0.00 USD','$55000.00 USD','4'),('51003013','2021','CADILLAC','CT5 PREMIUM LUXURY','Minor Dent/Scratches Damage','TX - HOUSTON','$0.00 USD','$20000.00 USD','4'),('51007923','2019','CHEVROLET','SILVERADO LD C1500 CUSTOM','Rear End Damage','TX - FT. WORTH','$0.00 USD','$27700.00 USD','4'),('51132603','2018','HYUNDAI','TUCSON SE','Normal Wear Damage','MO - ST. LOUIS','$0.00 USD','$14000.00 USD','4'),('51135143','2018','FORD','FUSION SE','Normal Wear Damage','MO - ST. LOUIS','$0.00 USD','$16750.00 USD','4'),('42685903','2017','FORD','EXPEDITION EL XLT','Front End Damage','UT - SALT LAKE CITY','$0.00 USD','$6200.00 USD','4'),('47492903','2021','FORD','EXPEDITION MAX XLT','Front End Damage','UT - SALT LAKE CITY','$0.00 USD','$21300.00 USD','4'),('48686023','2022','GMC','SIERRA K2500 AT4','Minor Dent/Scratches Damage','TX - EL PASO','$0.00 USD','$71000.00 USD','4'),('50405763','2018','JEEP','GRAND CHEROKEE LAREDO','All Over Damage','TX - EL PASO','$0.00 USD','$9000.00 USD','4'),('37751313','2017','VOLKSWAGEN','TIGUAN WOLFSBURG','Rear End Damage','CA - VALLEJO','$0.00 USD','$3800.00 USD','4'),('42400053','2017','HYUNDAI','ACCENT SE','Front End Damage','CA - SAN DIEGO','$0.00 USD','$3500.00 USD','4'),('44118983','2017','PORSCHE','MACAN','Front End Damage','CA - VAN NUYS','$0.00 USD','$7800.00 USD','4'),('44910713','2022','FORD','F150 SUPERCREW','Front End Damage','CA - VAN NUYS','$0.00 USD','$17500.00 USD','4'),('45012683','2019','FORD','F150 SUPERCREW','Minor Dent/Scratches Damage','CA - BAKERSFIELD','$0.00 USD','$17800.00 USD','4'),('45013423','2019','FORD','F150 SUPER CAB','Minor Dent/Scratches Damage','CA - BAKERSFIELD','$0.00 USD','$17200.00 USD','4'),('46447083','2017','KIA','FORTE LX','Normal Wear Damage','CA - BAKERSFIELD','$0.00 USD','$29600.00 USD','4'),('47155923','2018','NISSAN','VERSA S','Normal Wear Damage','CA - BAKERSFIELD','$0.00 USD','$14600.00 USD','4'),('48325133','2018','NISSAN','KICKS S','Front End Damage','CA - REDDING','$175.00 USD','$7500.00 USD','4'),('48339453','2017','MITSUBISHI','MIRAGE G4 ES','Normal Wear Damage','CA - BAKERSFIELD','$0.00 USD','$9000.00 USD','4'),('48339533','2019','CHEVROLET','MALIBU LT','Normal Wear Damage','CA - BAKERSFIELD','$0.00 USD','$17700.00 USD','4'),('48840543','2018','BMW','750 XI','Normal Wear Damage','CA - VAN NUYS','$0.00 USD','$36400.00 USD','4'),('48848273','2017','JEEP','GRAND CHEROKEE LAREDO','Normal Wear Damage','CA - BAKERSFIELD','$0.00 USD','$11500.00 USD','4'),('48850043','2018','CHEVROLET','MALIBU LT','Normal Wear Damage','CA - BAKERSFIELD','$0.00 USD','$22200.00 USD','4'),('49206353','2020','TOYOTA','TACOMA DOUBLE CAB','All Over Damage','CA - VAN NUYS','$0.00 USD','$25900.00 USD','4'),('49381693','2017','CHRYSLER','PACIFICA TOURING L','Normal Wear Damage','CA - BAKERSFIELD','$0.00 USD','$18500.00 USD','4'),('49389883','2017','KIA','SORENTO EX','Normal Wear Damage','CA - BAKERSFIELD','$0.00 USD','$22600.00 USD','4'),('49560883','2017','JEEP','CHEROKEE LATITUDE','Normal Wear Damage','CA - SAN DIEGO','$0.00 USD','$11500.00 USD','4'),('49591653','2019','FORD','F150 SUPER CAB','Normal Wear Damage','CA - BAKERSFIELD','$0.00 USD','$15700.00 USD','4'),('50119713','2018','NISSAN','MAXIMA 3.5S','Normal Wear Damage','CA - SAN DIEGO','$125.00 USD','$24995.00 USD','4'),('50133323','2017','HYUNDAI','ELANTRA SE','Front End Damage','CA - SAN DIEGO','$150.00 USD','$7500.00 USD','4'),('50267273','2017','NISSAN','SENTRA S','Normal Wear Damage','AZ - TUCSON','$0.00 USD','$8000.00 USD','4'),('50644333','2019','GMC','SIERRA LIMITED C1500','Normal Wear Damage','CA - BAKERSFIELD','$0.00 USD','$23000.00 USD','4'),('50971503','2017','NISSAN','SENTRA S','Normal Wear Damage','CA - SAN DIEGO','$0.00 USD','$11995.00 USD','4'),('51130233','2017','NISSAN','SENTRA SR TURBO','Normal Wear Damage','CA - SAN DIEGO','$0.00 USD','$12995.00 USD','4'),('51133263','2020','RAM','2500 TRADESMAN','Normal Wear Damage','CA - SAN DIEGO','$0.00 USD','$32995.00 USD','4'),('51139413','2017','NISSAN','PATHFINDER S','Normal Wear Damage','CA - SAN DIEGO','$0.00 USD','$17995.00 USD','4'),('51271583','2017','CHEVROLET','CAMARO SS','Normal Wear Damage','CA - SAN DIEGO','$0.00 USD','$21500.00 USD','4'),('40372733','2017','MERCEDES-BENZ','E 300 4MATIC','Minor Dent/Scratches Damage','GA - FAIRBURN','$0.00 USD','$17000.00 USD','4'),('41436133','2018','RAM','1500 SLT','Front End Damage','MD - BALTIMORE','$300.00 USD','$18500.00 USD','4'),('42308993','2019','FORD','ESCAPE S','Front End Damage','SC - SPARTANBURG','$0.00 USD','$3900.00 USD','4'),('43379073','2019','CHRYSLER','300 S','Minor Dent/Scratches Damage','GA - FAIRBURN','$0.00 USD','$8200.00 USD','4'),('43641463','2021','KIA','K5 GT LINE','Frame Damage','GA - FAIRBURN','$0.00 USD','$12000.00 USD','4'),('44956813','2017','TOYOTA','CAMRY LE','Front End Damage','GA - FAIRBURN','$0.00 USD','$8000.00 USD','4'),('45194153','2018','HYUNDAI','TUCSON SEL','Front End Damage','IN - FORT WAYNE','$0.00 USD','$5000.00 USD','4'),('45325833','2020','TOYOTA','COROLLA LE','Normal Wear Damage','FL - JACKSONVILLE NORTH','$0.00 USD','$14500.00 USD','4'),('45330373','2019','HYUNDAI','ACCENT SE','Normal Wear Damage','FL - JACKSONVILLE NORTH','$0.00 USD','$13700.00 USD','4'),('45752093','2018','LEXUS','ES 350','Front End Damage','FL - ORLANDO NORTH','$0.00 USD','$11000.00 USD','4'),('45787383','2019','CHRYSLER','PACIFICA TOURING L','Minor Dent/Scratches Damage','NY - LONG ISLAND','$0.00 USD','$15500.00 USD','4'),('45885903','2018','LINCOLN','CONTINENTAL RESERVE','Rear End Damage','GA - FAIRBURN','$0.00 USD','$6400.00 USD','4'),('46081273','2018','MERCEDES-BENZ','C 300 4MATIC','Rear End Damage','GA - FAIRBURN','$0.00 USD','$16500.00 USD','4'),('46299483','2019','HYUNDAI','IONIQ BLUE','Minor Dent/Scratches Damage','GA - FAIRBURN','$0.00 USD','$9500.00 USD','4'),('46299583','2019','HYUNDAI','IONIQ BLUE','Minor Dent/Scratches Damage','GA - FAIRBURN','$0.00 USD','$9500.00 USD','4'),('46784453','2020','NISSAN','KICKS S','Front End Damage','KY - LOUISVILLE','$0.00 USD','$6200.00 USD','4'),('46983043','2018','JEEP','COMPASS LATITUDE','Minor Dent/Scratches Damage','NY - ROCHESTER','$1600.00 USD','$7300.00 USD','4'),('47013113','2018','HYUNDAI','ELANTRA SEL','Rear End Damage','GA - FAIRBURN','$0.00 USD','$6000.00 USD','4'),('47091863','2019','VOLKSWAGEN','JETTA S','Front End Damage','NC - LUMBERTON','$0.00 USD','$6200.00 USD','4'),('47298103','2018','DODGE','GRAND CARAVAN SE','Minor Dent/Scratches Damage','MA - SOUTH BOSTON','$0.00 USD','$3150.00 USD','4'),('47627193','2021','CADILLAC','XT4 LUXURY','Minor Dent/Scratches Damage','FL - MIAMI CENTRAL','$0.00 USD','$24500.00 USD','4'),('47703183','2018','HYUNDAI','SANTA FE SPORT','Hail Damage','GA - FAIRBURN','$0.00 USD','$10300.00 USD','4'),('47840403','2018','FORD','F150 SUPERCREW','Minor Dent/Scratches Damage','GA - FAIRBURN','$0.00 USD','$27000.00 USD','4'),('47878873','2017','HYUNDAI','TUCSON LIMITED','Rear End Damage','FL - ORLANDO NORTH','$0.00 USD','$11000.00 USD','4'),('47878973','2021','CADILLAC','ESCALADE SPORT','All Over Damage','FL - ORLANDO NORTH','$1000.00 USD','$90000.00 USD','4'),('47890223','2022','TOYOTA','COROLLA LE','Minor Dent/Scratches Damage','FL - MIAMI CENTRAL','$0.00 USD','$19000.00 USD','4'),('48410933','2019','CHEVROLET','MALIBU LT','Minor Dent/Scratches Damage','FL - JACKSONVILLE NORTH','$0.00 USD','$5300.00 USD','4'),('48451803','2018','JAGUAR','F-PACE PRESTIGE','Front End Damage','GA - FAIRBURN','$0.00 USD','$17000.00 USD','4'),('48560473','2021','DODGE','CHALLENGER R/T','Normal Wear Damage','FL - MIAMI CENTRAL','$0.00 USD','$28000.00 USD','4'),('48599143','2020','DODGE','GRAND CARAVAN SE','Front End Damage','NC - CHINA GROVE','$0.00 USD','$3750.00 USD','4'),('48619743','2017','FORD','TRANSIT T-250','Rear End Damage','GA - FAIRBURN','$0.00 USD','$8800.00 USD','5'),('48623113','2017','CHEVROLET','SUBURBAN C1500 LS','Rear End Damage','GA - FAIRBURN','$0.00 USD','$16000.00 USD','5'),('48872443','2019','CHEVROLET','SPARK LS','Front End Damage','KY - LEXINGTON EAST','$0.00 USD','$5100.00 USD','5'),('48932373','2020','CHEVROLET','TRAX 1LT','Rear End Damage','FL - MIAMI CENTRAL','$0.00 USD','$9200.00 USD','5'),('49052033','2021','TOYOTA','VENZA LE','Rear End Damage','PA - PHILADELPHIA EAST-SUBLOT','$3100.00 USD','$23500.00 USD','5'),('49319213','2017','TOYOTA','SIENNA LE','Rear End Damage','NY - LONG ISLAND','$0.00 USD','$8000.00 USD','5'),('49408083','2017','INFINITI','Q50 PREMIUM','Minor Dent/Scratches Damage','GA - ATLANTA EAST','$1400.00 USD','$28000.00 USD','5'),('49673943','2017','NISSAN','PATHFINDER S','Minor Dent/Scratches Damage','NC - LUMBERTON','$0.00 USD','$5500.00 USD','5'),('49901843','2018','INFINITI','Q50 RED SPORT 400','Normal Wear Damage','NY - LONG ISLAND','$0.00 USD','$21000.00 USD','5'),('50251823','2019','TOYOTA','TACOMA DOUBLE CAB','Front End Damage','GA - FAIRBURN','$0.00 USD','$15000.00 USD','5'),('50252393','2020','TOYOTA','CAMRY XSE','Front End Damage','GA - FAIRBURN','$0.00 USD','$21000.00 USD','5'),('50445013','2017','CHEVROLET','SONIC PREMIER','Minor Dent/Scratches Damage','FL - ORLANDO NORTH','$0.00 USD','$6500.00 USD','5'),('50450923','2018','SUZUKI','GSX250R','Normal Wear Damage','FL - ORLANDO NORTH','$0.00 USD','$4000.00 USD','5'),('50759603','2018','FORD','ESCAPE SE','Rear End Damage','PA - PHILADELPHIA EAST-SUBLOT','$1300.00 USD','$12939.00 USD','5'),('50770833','2019','FORD','F250 SUPER DUTY','Normal Wear Damage','SC - SPARTANBURG','$0.00 USD','$44000.00 USD','5'),('73496672','2019','NISSAN','SENTRA S','Front End Damage','KY - LEXINGTON EAST','$0.00 USD','$5900.00 USD','5'),('47758703','2022','BUICK','ENCLAVE PREMIUM','Rear End Damage','GA - ATLANTA EAST','$0.00 USD','$28000.00 USD','5'),('44661233','2017','MERCEDES-BENZ','C 300','Front End Damage','TX - DALLAS','$0.00 USD','$17500.00 USD','5'),('44721973','2018','KIA','SORENTO LX','Front End Damage','TX - DALLAS','$0.00 USD','$9800.00 USD','5'),('45892733','2018','INFINITI','QX60','Minor Dent/Scratches Damage','IN - DYER','$0.00 USD','$10800.00 USD','5'),('45894833','2019','GMC','YUKON XL K1500 SLT','Front End Damage','TX - DALLAS','$0.00 USD','$28500.00 USD','5'),('46225813','2018','FORD','MUSTANG','Minor Dent/Scratches Damage','AR - LITTLE ROCK','$0.00 USD','$8500.00 USD','5'),('46295393','2021','VOLVO','XC90 T6 INSCRIPTION','Minor Dent/Scratches Damage','IL - WHEELING','$0.00 USD','$30000.00 USD','5'),('46688923','2018','DODGE','CHARGER SRT HELLCAT','Front End Damage','TX - DALLAS','$0.00 USD','$50000.00 USD','5'),('46711303','2023','NISSAN','ALTIMA S','All Over Damage','TX - DALLAS','$16200.00 USD','$16500.00 USD','5'),('46911983','2018','CHEVROLET','SUBURBAN C1500 LT','All Over Damage','TX - DALLAS','$0.00 USD','$17000.00 USD','5'),('47061043','2017','BMW','X3 SDRIVE28I','Minor Dent/Scratches Damage','TX - DALLAS','$0.00 USD','$13800.00 USD','5'),('47577173','2017','AUDI','Q5 PREMIUM','Front End Damage','ON - TORONTO','$200.00 CAD','$26500.00 CAD','5'),('47577453','2017','LEXUS','RC 300','Front End Damage','ON - TORONTO','$0.00 CAD','$23500.00 CAD','5'),('47705503','2017','HYUNDAI','TUCSON LIMITED','Minor Dent/Scratches Damage','IN - DYER','$200.00 USD','$10500.00 USD','5'),('48031523','2020','MERCEDES-BENZ','GLE 350 4MATIC','Minor Dent/Scratches Damage','TX - DALLAS','$0.00 USD','$44000.00 USD','5'),('48066023','2019','FORD','ECOSPORT SE','Front End Damage','WI - MILWAUKEE SOUTH','$0.00 USD','$3350.00 USD','5'),('48169213','2020','FORD','FUSION SEL','All Over Damage','TX - DALLAS','$0.00 USD','$4000.00 USD','5'),('48218973','2018','CHEVROLET','SILVERADO K1500 LTZ','Front End Damage','TX - DALLAS','$0.00 USD','$26100.00 USD','5'),('48259803','2018','CHEVROLET','EQUINOX LT','Minor Dent/Scratches Damage','IN - DYER','$0.00 USD','$8800.00 USD','5'),('48260153','2019','HYUNDAI','TUCSON SE','Minor Dent/Scratches Damage','IN - DYER','$200.00 USD','$12000.00 USD','5'),('48402193','2021','TOYOTA','RAV4 XLE','Front End Damage','ON - TORONTO','$0.00 CAD','$18000.00 CAD','5'),('48446953','2018','HYUNDAI','KONA SE','Front End Damage','WI - MILWAUKEE SOUTH','$0.00 USD','$9900.00 USD','5'),('48617203','2018','HYUNDAI','SANTA FE SPORT','Minor Dent/Scratches Damage','TN - NASHVILLE','$0.00 USD','$10500.00 USD','5'),('48756433','2020','KIA','TELLURIDE SX','Rear End Damage','AL - MOBILE','$0.00 USD','$17500.00 USD','5'),('48918843','2019','KIA','SORENTO LX','Minor Dent/Scratches Damage','IN - DYER','$0.00 USD','$11000.00 USD','5'),('48955183','2019','HONDA','CIVIC EX','Normal Wear Damage','TN - NASHVILLE','$0.00 USD','$16300.00 USD','5'),('49046313','2020','FORD','F150 RAPTOR','Normal Wear Damage','TN - NASHVILLE','$15000.00 USD','$50000.00 USD','5'),('49169583','2017','CHEVROLET','TRAVERSE LT','Minor Dent/Scratches Damage','TX - DALLAS','$0.00 USD','$19500.00 USD','5'),('49171933','2019','FORD','EDGE TITANIUM','Minor Dent/Scratches Damage','TX - DALLAS','$0.00 USD','$21500.00 USD','5'),('49355943','2018','VOLKSWAGEN','JETTA SEL','Front End Damage','TX - DALLAS','$0.00 USD','$9400.00 USD','5'),('49374723','2017','MERCEDES-BENZ','GLA 250','Front End Damage','TX - DALLAS','$0.00 USD','$11500.00 USD','5'),('49441523','2021','TOYOTA','TACOMA DOUBLE CAB','Normal Wear Damage','TX - DALLAS SOUTH','$5700.00 USD','$31600.00 USD','5'),('49483203','2017','NISSAN','TITAN SV','Minor Dent/Scratches Damage','TN - NASHVILLE','$0.00 USD','$24300.00 USD','5'),('49674513','2019','CHRYSLER','300 S','Normal Wear Damage','TX - DALLAS SOUTH','$0.00 USD','$18000.00 USD','5'),('49789463','2020','MERCEDES-BENZ','GLE 350 4MATIC','Front End Damage','TX - DALLAS','$0.00 USD','$50000.00 USD','5'),('49968553','2019','KIA','SPORTAGE LX','Minor Dent/Scratches Damage','TX - HOUSTON EAST','$0.00 USD','$10200.00 USD','5'),('50124873','2018','JAGUAR','F-PACE PREMIUM','Minor Dent/Scratches Damage','IN - DYER','$2000.00 USD','$19000.00 USD','5'),('50238553','2018','CHEVROLET','SILVERADO C1500','Minor Dent/Scratches Damage','TN - NASHVILLE','$0.00 USD','$11900.00 USD','5'),('50544373','2017','HYUNDAI','SONATA SE','Front End Damage','TX - DALLAS SOUTH','$0.00 USD','$3675.00 USD','5'),('50560013','2019','MITSUBISHI','OUTLANDER SPORT ES','Minor Dent/Scratches Damage','TX - DALLAS','$0.00 USD','$21000.00 USD','5'),('50962123','2019','NISSAN','ALTIMA S','Minor Dent/Scratches Damage','TN - NASHVILLE','$0.00 USD','$16000.00 USD','5'),('50972603','2018','FORD','F150 SUPER CAB','Minor Dent/Scratches Damage','TN - NASHVILLE','$0.00 USD','$18500.00 USD','5'),('51283563','2020','KIA','FORTE FE','Minor Dent/Scratches Damage','TX - DALLAS','$0.00 USD','$11950.00 USD','5'),('51284213','2018','HYUNDAI','ELANTRA SEL','Minor Dent/Scratches Damage','TX - DALLAS','$0.00 USD','$13950.00 USD','5'),('51296203','2018','TOYOTA','YARIS L','Minor Dent/Scratches Damage','TN - NASHVILLE','$0.00 USD','$11500.00 USD','5'),('51300813','2019','FORD','FUSION S','Minor Dent/Scratches Damage','TN - NASHVILLE','$0.00 USD','$14885.00 USD','5'),('45125333','2019','HYUNDAI','TUCSON SE','Front End Damage','CO - COLORADO SPRINGS','$0.00 USD','$11300.00 USD','5'),('43495513','2022','FORD','MAVERICK XL','Minor Dent/Scratches Damage','WA - NORTH SEATTLE','$0.00 USD','$18000.00 USD','5'),('48080433','2018','NISSAN','ALTIMA 2.5','Normal Wear Damage','AZ - PHOENIX','$0.00 USD','$12000.00 USD','5'),('48441803','2017','TOYOTA','TACOMA DOUBLE CAB','Minor Dent/Scratches Damage','CA - SO SACRAMENTO','$0.00 USD','$28000.00 USD','5'),('49350193','2022','NISSAN','FRONTIER S','Front End Damage','CA - LOS ANGELES','$225.00 USD','$11300.00 USD','5'),('49385603','2017','RAM','1500 SLT','Normal Wear Damage','AZ - PHOENIX','$0.00 USD','$15000.00 USD','5'),('49463873','2018','BMW','X6 SDRIVE35I','Front End Damage','CA - LOS ANGELES','$0.00 USD','$19600.00 USD','5'),('49738043','2022','HONDA','ACCORD HYBRID EXL','Front End Damage','CA - LOS ANGELES','$0.00 USD','$17500.00 USD','5'),('49850053','2017','FORD','FOCUS SEL','Minor Dent/Scratches Damage','AZ - PHOENIX','$0.00 USD','$10000.00 USD','5'),('50132743','2023','HONDA','ODYSSEY EXL','Front End Damage','AZ - PHOENIX','$0.00 USD','$27000.00 USD','5'),('50718723','2020','BMW','X5 SDRIVE 40I','Front End Damage','CA - LOS ANGELES','$0.00 USD','$28500.00 USD','5'),('50731303','2020','HYUNDAI','ACCENT SE','Rear End Damage','CA - LOS ANGELES','$0.00 USD','$8000.00 USD','5'),('50955753','2022','NISSAN','PATHFINDER S','All Over Damage','CA - LOS ANGELES','$0.00 USD','$10900.00 USD','5'),('51089653','2021','NISSAN','SENTRA SR','Normal Wear Damage','AZ - PHOENIX','$80.00 USD','$14500.00 USD','5'),('51116303','2022','RAM','1500 TRX','Normal Wear Damage','AZ - PHOENIX','$250.00 USD','$86500.00 USD','5'),('37570793','2020','HYUNDAI','ELANTRA SEL','Minor Dent/Scratches Damage','NC - GASTONIA','$6700.00 USD','$8000.00 USD','5'),('39797993','2018','LAND','ROVER DISCOVERY SPORT SE','Minor Dent/Scratches Damage','NC - GASTONIA','$13200.00 USD','$13400.00 USD','5'),('40142083','2019','TOYOTA','CAMRY L','Rear End Damage','IL - SOUTHERN ILLINOIS','$3900.00 USD','$4900.00 USD','5'),('41311223','2017','MERCEDES-BENZ','E 300 4MATIC','Minor Dent/Scratches Damage','MA - NORTH BOSTON','$18300.00 USD','$18500.00 USD','5'),('41600903','2017','MERCEDES-BENZ','C 300','Minor Dent/Scratches Damage','FL - MIAMI SOUTH','$14300.00 USD','$16000.00 USD','5'),('41654753','2018','CHEVROLET','SILVERADO C1500','Minor Dent/Scratches Damage','NC - GASTONIA','$8700.00 USD','$10500.00 USD','5'),('41858733','2018','BMW','X5 SDRIVE35I','Minor Dent/Scratches Damage','CA - SUN VALLEY','$7200.00 USD','$16000.00 USD','5'),('42006173','2018','DODGE','CHARGER R/T','All Over Damage','NC - GASTONIA','$4900.00 USD','$5100.00 USD','5'),('42726683','2017','CHEVROLET','SILVERADO C1500','Minor Dent/Scratches Damage','MA - NORTH BOSTON','$7300.00 USD','$7500.00 USD','5'),('43426003','2019','HYUNDAI','IONIQ BLUE','Normal Wear Damage','VA - FREDERICKSBURG','$7700.00 USD','$7800.00 USD','5'),('43810143','2022','TOYOTA','CAMRY LE','All Over Damage','OH - DAYTON','$7100.00 USD','$7600.00 USD','5'),('44334353','2017','MERCEDES-BENZ','GLS 550 4MATIC','Minor Dent/Scratches Damage','MA - NORTH BOSTON','$14600.00 USD','$22500.00 USD','5'),('44986533','2018','NISSAN','VERSA S','Front End Damage','OH - DAYTON','$2450.00 USD','$3000.00 USD','5'),('45035663','2019','KIA','OPTIMA EX','Minor Dent/Scratches Damage','OH - DAYTON','$7800.00 USD','$7900.00 USD','5'),('45125763','2017','LAND','ROVER RANGE ROVER EVOQUE SE','Minor Dent/Scratches Damage','OH - DAYTON','$13800.00 USD','$15400.00 USD','5'),('45193623','2018','JEEP','GRAND CHEROKEE LIMITED','Minor Dent/Scratches Damage','SC - NORTH CHARLESTON','$13700.00 USD','$15000.00 USD','5'),('45393823','2023','KIA','SPORTAGE LX','Front End Damage','MA - WEST WARREN','$17400.00 USD','$17900.00 USD','5'),('46010893','2021','HONDA','CIVIC LX','Rear End Damage','MA - NORTH BOSTON','$7400.00 USD','$7600.00 USD','5'),('46126093','2023','NISSAN','ALTIMA S','Rear End Damage','NC - GASTONIA','$16200.00 USD','$16500.00 USD','5'),('46732953','2017','JAGUAR','XE','Minor Dent/Scratches Damage','MA - NORTH BOSTON','$9100.00 USD','$9200.00 USD','5'),('46908583','2022','KIA','TELLURIDE EX','Minor Dent/Scratches Damage','MA - NORTH BOSTON','$27500.00 USD','$28500.00 USD','5'),('46909213','2019','LAND','ROVER DISCOVERY HSE LUXURY','Minor Dent/Scratches Damage','MA - NORTH BOSTON','$32500.00 USD','$33500.00 USD','5'),('46909843','2017','CHRYSLER','300 S','Minor Dent/Scratches Damage','MA - NORTH BOSTON','$7000.00 USD','$7200.00 USD','5'),('47004063','2020','TOYOTA','SIENNA L','Minor Dent/Scratches Damage','SC - SPARTANBURG','$9100.00 USD','$12300.00 USD','6'),('47025873','2017','TOYOTA','PRIUS','Front End Damage','MA - NORTH BOSTON','$8300.00 USD','$8500.00 USD','6'),('47173723','2018','HYUNDAI','SANTA FE SPORT','Front End Damage','MI - FLINT','$8400.00 USD','$9000.00 USD','6'),('47589113','2018','MERCEDES-BENZ','GLE 350 4MATIC','Minor Dent/Scratches Damage','MA - NORTH BOSTON','$23800.00 USD','$28000.00 USD','6'),('47732483','2019','NISSAN','ROGUE SPORT S','Front End Damage','OH - DAYTON','$4850.00 USD','$5100.00 USD','6'),('47732893','2017','FORD','ESCAPE SE','Front End Damage','OH - DAYTON','$6600.00 USD','$7300.00 USD','6'),('47872583','2019','HYUNDAI','IONIQ BLUE','Minor Dent/Scratches Damage','PA - PITTSBURGH WEST','$8600.00 USD','$9000.00 USD','6'),('48158723','2018','CHEVROLET','EQUINOX LT','Front End Damage','MO - SPRINGFIELD','$1700.00 USD','$6400.00 USD','6'),('48173133','2018','NISSAN','ROGUE S','Front End Damage','IL - SOUTHERN ILLINOIS','$3400.00 USD','$3800.00 USD','6'),('48384743','2020','HONDA','ACCORD SPORT','Front End Damage','MA - NORTH BOSTON','$10800.00 USD','$10900.00 USD','6'),('48433893','2019','MERCEDES-BENZ','A 220 4MATIC','Front End Damage','MA - NORTH BOSTON','$16500.00 USD','$17000.00 USD','6'),('48470583','2017','AUDI','Q7 PREMIUM','Minor Dent/Scratches Damage','MA - NORTH BOSTON','$18700.00 USD','$19000.00 USD','6'),('48599613','2017','CHEVROLET','SUBURBAN K1500 LT','Minor Dent/Scratches Damage','MA - NORTH BOSTON','$14300.00 USD','$14500.00 USD','6'),('48703243','2017','LAND','ROVER RANGE ROVER EVOQUE SE','Minor Dent/Scratches Damage','GA - ATLANTA NORTH','$14400.00 USD','$15000.00 USD','6'),('48757763','2017','NISSAN','MURANO S','Normal Wear Damage','LA - NEW ORLEANS','$5900.00 USD','$16999.00 USD','6'),('48991363','2018','MERCEDES-BENZ','GLS 550 4MATIC','Minor Dent/Scratches Damage','GA - ATLANTA NORTH','$10200.00 USD','$30000.00 USD','6'),('49025533','2017','CHEVROLET','SUBURBAN C1500 PREMIER','Normal Wear Damage','LA - NEW ORLEANS','$13200.00 USD','$29999.00 USD','6'),('49095703','2019','FORD','EXPEDITION MAX LIMITED','All Over Damage','MA - NORTH BOSTON','$10400.00 USD','$13500.00 USD','6'),('49151333','2017','LAND','ROVER RANGE ROVER SPORT HSE','Minor Dent/Scratches Damage','MA - NORTH BOSTON','$23300.00 USD','$25000.00 USD','6'),('49366443','2021','DODGE','CHALLENGER SXT','Front End Damage','OH - DAYTON','$13000.00 USD','$16500.00 USD','6'),('49377803','2017','FORD','FUSION SE PHEV','Front End Damage','OH - DAYTON','$5400.00 USD','$6500.00 USD','6'),('49433373','2017','LAND','ROVER RANGE ROVER SPORT SE','Minor Dent/Scratches Damage','SC - SPARTANBURG','$21000.00 USD','$23500.00 USD','6'),('49442973','2022','TOYOTA','COROLLA LE','All Over Damage','IL - CHICAGO SOUTH','$8800.00 USD','$9500.00 USD','6'),('49632833','2023','TOYOTA','CAMRY XSE','Rear End Damage','MA - NORTH BOSTON','$12800.00 USD','$15000.00 USD','6'),('49647903','2020','VOLVO','S90 T6 OCEAN RACE','Front End Damage','MA - NORTH BOSTON','$17000.00 USD','$20500.00 USD','6'),('49671383','2017','TOYOTA','TACOMA DOUBLE CAB','Minor Dent/Scratches Damage','MA - NORTH BOSTON','$21400.00 USD','$23500.00 USD','6'),('49734513','2022','FORD','EXPEDITION MAX XLT','Normal Wear Damage','NJ - TRENTON','$15000.00 USD','$54500.00 USD','6'),('49821003','2020','FORD','MUSTANG GT','Front End Damage','MA - NORTH BOSTON','$17200.00 USD','$19500.00 USD','6'),('49822853','2017','HYUNDAI','TUCSON LIMITED','Minor Dent/Scratches Damage','MA - NORTH BOSTON','$8600.00 USD','$9000.00 USD','6'),('49928203','2018','CHEVROLET','IMPALA LT','Front End Damage','FL - FT. PIERCE','$1100.00 USD','$4000.00 USD','6'),('49934243','2021','MERCEDES-BENZ','GLS 450 4MATIC','Minor Dent/Scratches Damage','NY - SYRACUSE','$56500.00 USD','$60500.00 USD','6'),('50088023','2018','RAM','PROMASTER 2500 2500 HIGH','Minor Dent/Scratches Damage','NY - LONG ISLAND','$8500.00 USD','$23900.00 USD','6'),('50140453','2017','HYUNDAI','TUCSON LIMITED','Minor Dent/Scratches Damage','NC - GASTONIA','$9300.00 USD','$10000.00 USD','6'),('50227673','2018','MERCEDES-BENZ','GLE 350 4MATIC','Minor Dent/Scratches Damage','MA - NORTH BOSTON','$12700.00 USD','$27500.00 USD','6'),('50451903','2017','MERCEDES-BENZ','GLS 450 4MATIC','Normal Wear Damage','MA - NORTH BOSTON','$20800.00 USD','$42000.00 USD','6'),('50537133','2018','CHEVROLET','SILVERADO C2500 HEAVY DUTY','Normal Wear Damage','TX - ANDREWS','$12400.00 USD','$13800.00 USD','6'),('50632833','2020','TOYOTA','CAMRY SE','Front End Damage','FL - MIAMI SOUTH','$9900.00 USD','$15000.00 USD','6'),('50673563','2019','CHEVROLET','COLORADO LT','Minor Dent/Scratches Damage','FL - MIAMI CENTRAL','$8400.00 USD','$14900.00 USD','6'),('50834743','2018','NISSAN','TITAN SV','Normal Wear Damage','MA - NORTH BOSTON','$11800.00 USD','$12900.00 USD','6'),('50888683','2022','HONDA','CIVIC EX','Minor Dent/Scratches Damage','TN - NASHVILLE','$8400.00 USD','$22000.00 USD','6'),('50895593','2017','HONDA','PILOT EXL','Normal Wear Damage','MA - NORTH BOSTON','$6900.00 USD','$24900.00 USD','6'),('50896673','2017','GMC','TERRAIN SLE','Normal Wear Damage','MA - NORTH BOSTON','$4050.00 USD','$17000.00 USD','6'),('50941363','2019','TOYOTA','CAMRY L','Normal Wear Damage','MA - NORTH BOSTON','$13700.00 USD','$15500.00 USD','6'),('70866112','2019','MERCEDES-BENZ','E 300 4MATIC','Minor Dent/Scratches Damage','MA - NORTH BOSTON','$20100.00 USD','$20400.00 USD','6'),('71803392','2019','HONDA','PASSPORT TOURING','Rear End Damage','VA - FREDERICKSBURG','$7900.00 USD','$8100.00 USD','6'),('40275933','2017','FORD','FUSION SE','Front End Damage','MI - DETROIT','$0.00 USD','$3000.00 USD','6'),('42818533','2021','FORD','ESCAPE SE','Front End Damage','MI - DETROIT','$0.00 USD','$10800.00 USD','6'),('43682743','2018','DODGE','DURANGO SXT','Front End Damage','TN - KNOXVILLE','$175.00 USD','$6800.00 USD','6'),('44045373','2020','CHEVROLET','SPARK LS','Frame Damage','FL - TAMPA SOUTH','$0.00 USD','$4850.00 USD','6'),('44076503','2019','NISSAN','SENTRA S','Minor Dent/Scratches Damage','DC - WASHINGTON DC','$225.00 USD','$6000.00 USD','6'),('44155473','2017','INFINITI','QX70','Front End Damage','TN - KNOXVILLE','$175.00 USD','$6200.00 USD','6'),('44363543','2022','FORD','EDGE TITANIUM','Front End Damage','FL - ORLANDO SOUTH','$0.00 USD','$12600.00 USD','6'),('44745423','2017','TOYOTA','CAMRY LE','All Over Damage','PA - HARRISBURG','$0.00 USD','$2700.00 USD','6'),('45736213','2017','BMW','X4 XDRIVE28I','Minor Dent/Scratches Damage','FL - ORLANDO SOUTH','$0.00 USD','$19500.00 USD','6'),('47784793','2017','TOYOTA','YARIS IA','All Over Damage','FL - ORLANDO SOUTH','$0.00 USD','$3000.00 USD','6'),('47785133','2017','DODGE','GRAND CARAVAN SXT','Minor Dent/Scratches Damage','FL - ORLANDO SOUTH','$0.00 USD','$4200.00 USD','6'),('47865623','2020','HYUNDAI','IONIQ SEL','Rear End Damage','GA - ATLANTA SOUTH','$0.00 USD','$13200.00 USD','6'),('48004153','2019','FORD','ESCAPE SE','Front End Damage','OH - COLUMBUS','$1100.00 USD','$4800.00 USD','6'),('48083713','2017','AUDI','Q7 PREMIUM PLUS','Normal Wear Damage','GA - ATLANTA SOUTH','$0.00 USD','$16900.00 USD','6'),('48553543','2017','BMW','320 I','Rear End Damage','FL - WEST PALM BEACH','$0.00 USD','$11000.00 USD','6'),('49354783','2018','BMW','530E','Normal Wear Damage','NH - CANDIA','$0.00 USD','$21800.00 USD','6'),('49367043','2018','ALFA','ROMEO STELVIO TI','Normal Wear Damage','NH - CANDIA','$0.00 USD','$25500.00 USD','6'),('50093423','2019','FORD','TRANSIT CONNECT XL','Minor Dent/Scratches Damage','FL - TAMPA SOUTH','$300.00 USD','$9000.00 USD','6'),('50560253','2017','MERCEDES-BENZ','G 550','Normal Wear Damage','FL - ORLANDO SOUTH','$100.00 USD','$75000.00 USD','6'),('50699253','2018','JEEP','WRANGLER UNLIMITED SAHARA','Normal Wear Damage','PA - HARRISBURG','$125.00 USD','$25700.00 USD','6'),('50750873','2018','CHEVROLET','SILVERADO K1500 CUSTOM','Normal Wear Damage','NH - CANDIA','$0.00 USD','$23900.00 USD','6'),('70993912','2017','FORD','FUSION SE HYBRID','Minor Dent/Scratches Damage','NJ - GLASSBORO EAST','$0.00 USD','$6500.00 USD','6'),('45399483','2019','TOYOTA','SIENNA SE','Front End Damage','TX - AMARILLO','$100.00 USD','$8800.00 USD','6'),('46606363','2023','GMC','ACADIA SLE','Front End Damage','AL - BIRMINGHAM','$24300.00 USD','$24600.00 USD','6'),('47129143','2018','TOYOTA','C-HR XLE','Front End Damage','TX - HOUSTON','$0.00 USD','$8000.00 USD','6'),('47165563','2017','FORD','FUSION SE','Normal Wear Damage','TN - MEMPHIS','$0.00 USD','$6500.00 USD','6'),('47988833','2019','BMW','640 XI GRAN COUPE','Front End Damage','TX - HOUSTON','$0.00 USD','$19500.00 USD','6'),('48531353','2021','HONDA','ACCORD SPORT','Front End Damage','TX - CORPUS CHRISTI','$0.00 USD','$12100.00 USD','6'),('48874243','2017','TOYOTA','CAMRY LE','Normal Wear Damage','TX - HOUSTON','$225.00 USD','$13900.00 USD','6'),('50052153','2021','TESLA','MODEL S','Minor Dent/Scratches Damage','NE - LINCOLN','$225.00 USD','$59999.00 USD','6'),('50237953','2017','BMW','X1 XDRIVE28I','Front End Damage','TX - HOUSTON','$300.00 USD','$7900.00 USD','6'),('50556913','2017','HYUNDAI','ELANTRA SE','Rear End Damage','AL - BIRMINGHAM','$0.00 USD','$4200.00 USD','6'),('50771383','2017','DODGE','GRAND CARAVAN SE','Minor Dent/Scratches Damage','NE - LINCOLN','$0.00 USD','$5700.00 USD','6'),('50943513','2017','CHEVROLET','SILVERADO K1500 LT','Normal Wear Damage','OK - OKLAHOMA CITY','$0.00 USD','$31900.00 USD','6'),('69771572','2018','CADILLAC','CT6 LUXURY','Rear End Damage','TX - HOUSTON','$225.00 USD','$10500.00 USD','6'),('45037853','2017','DODGE','JOURNEY GT','Front End Damage','AB - CALGARY','$0.00 CAD','$6000.00 CAD','6'),('45682123','2022','KIA','SOUL EX','Front End Damage','AB - CALGARY','$0.00 CAD','$9000.00 CAD','6'),('49655713','2021','TOYOTA','RAV4 ADVENTURE','Front End Damage','AB - CALGARY','$0.00 CAD','$22000.00 CAD','6'),('50418063','2022','KIA','FORTE FE','Front End Damage','MT - HELENA','$0.00 USD','$10000.00 USD','6'),('48561553','2017','FORD','FOCUS RS','Front End Damage','CA - RANCHO CUCAMONGA','$0.00 USD','$15500.00 USD','6'),('49596893','2019','HONDA','CIVIC SPORT','Normal Wear Damage','CA - SACRAMENTO','$225.00 USD','$27000.00 USD','6'),('49683763','2018','CHEVROLET','MALIBU LS','Minor Dent/Scratches Damage','NV - LAS VEGAS','$0.00 USD','$10500.00 USD','6'),('49686283','2023','TOYOTA','CAMRY SE NIGHT SHADE','Minor Dent/Scratches Damage','NV - LAS VEGAS','$0.00 USD','$31900.00 USD','6'),('50438343','2017','FIAT','500 POP','Normal Wear Damage','CA - SACRAMENTO','$1200.00 USD','$60000.00 USD','6'),('50439743','2018','TOYOTA','CAMRY L','Normal Wear Damage','CA - SACRAMENTO','$0.00 USD','$80000.00 USD','6'),('50441013','2020','TOYOTA','COROLLA LE','Normal Wear Damage','CA - SACRAMENTO','$0.00 USD','$60000.00 USD','6'),('50548013','2020','TOYOTA','CAMRY LE','Normal Wear Damage','CA - SAN DIEGO','$0.00 USD','$21995.00 USD','6'),('50553093','2020','MASERATI','GHIBLI','Normal Wear Damage','CA - SAN DIEGO','$0.00 USD','$33995.00 USD','6'),('50554993','2018','AUDI','Q7 PREMIUM PLUS','Normal Wear Damage','CA - SAN DIEGO','$0.00 USD','$28995.00 USD','6'),('50583663','2021','MITSUBISHI','MIRAGE ES','Normal Wear Damage','CA - SAN DIEGO','$0.00 USD','$12995.00 USD','6'),('50760893','2018','KIA','SOUL +','Minor Dent/Scratches Damage','NV - LAS VEGAS','$0.00 USD','$8500.00 USD','6'),('51144703','2020','JEEP','COMPASS LATITUDE','Normal Wear Damage','CA - SAN DIEGO','$0.00 USD','$18995.00 USD','6'),('52859032','2021','FORD','ESCAPE SE','Rear End Damage','CA - RANCHO CUCAMONGA','$0.00 USD','$10100.00 USD','6'),('40633563','2019','CHRYSLER','PACIFICA TOURING PLUS','Frame Damage','FL - MIAMI SOUTH','$0.00 USD','$12500.00 USD','6'),('43938603','2022','TOYOTA','RAV4 LE','All Over Damage','NY - LONG ISLAND','$0.00 USD','$19200.00 USD','6');
/*!40000 ALTER TABLE `adp_subasta` ENABLE KEYS */;
UNLOCK TABLES;

--
-- Table structure for table `adp_user`
--

DROP TABLE IF EXISTS `adp_user`;
/*!40101 SET @saved_cs_client     = @@character_set_client */;
/*!50503 SET character_set_client = utf8mb4 */;
CREATE TABLE `adp_user` (
  `user_id` mediumint(9) NOT NULL AUTO_INCREMENT,
  `username` varchar(50) NOT NULL,
  `upassword` varchar(50) NOT NULL,
  `estado` int(11) DEFAULT NULL,
  `cliente_id` int(11) DEFAULT NULL,
  PRIMARY KEY (`user_id`)
) ENGINE=MyISAM AUTO_INCREMENT=2 DEFAULT CHARSET=latin1;
/*!40101 SET character_set_client = @saved_cs_client */;

--
-- Dumping data for table `adp_user`
--

LOCK TABLES `adp_user` WRITE;
/*!40000 ALTER TABLE `adp_user` DISABLE KEYS */;
INSERT INTO `adp_user` VALUES (1,'carlosazucena12@gmail.com','123',1,1);
/*!40000 ALTER TABLE `adp_user` ENABLE KEYS */;
UNLOCK TABLES;

--
-- Table structure for table `amarca`
--

DROP TABLE IF EXISTS `amarca`;
/*!40101 SET @saved_cs_client     = @@character_set_client */;
/*!50503 SET character_set_client = utf8mb4 */;
CREATE TABLE `amarca` (
  `marcaid` int(11) NOT NULL AUTO_INCREMENT,
  `descripcion` varchar(150) NOT NULL,
  `estado` int(11) DEFAULT NULL,
  PRIMARY KEY (`marcaid`)
) ENGINE=MyISAM AUTO_INCREMENT=38 DEFAULT CHARSET=latin1;
/*!40101 SET character_set_client = @saved_cs_client */;

--
-- Dumping data for table `amarca`
--

LOCK TABLES `amarca` WRITE;
/*!40000 ALTER TABLE `amarca` DISABLE KEYS */;
INSERT INTO `amarca` VALUES (1,'TOYOTA',1),(2,'MAZDA',1),(3,'ACURA',1),(4,'ALFA',1),(5,'AUDI',1),(6,'BENTLEY',1),(7,'BMW',1),(8,'BUICK',1),(9,'CADILLAC',1),(10,'CHEVROLET',1),(11,'CHRYSLER',1),(12,'DODGE',1),(13,'FIAT',1),(14,'FORD',1),(15,'GENESIS',1),(16,'GMC',1),(17,'HONDA',1),(18,'HYUNDAI',1),(19,'INFINITI',1),(20,'ISUZU',1),(21,'JAGUAR',1),(22,'JEEP',1),(23,'KIA',1),(24,'LAND',1),(25,'LEXUS',1),(26,'LINCOLN',1),(27,'MASERATI',1),(28,'MERCEDES-BENZ',1),(29,'MITSUBISHI',1),(30,'NISSAN',1),(31,'PORSCHE',1),(32,'RAM',1),(33,'SUBARU',1),(34,'SUZUKI',1),(35,'TESLA',1),(36,'VOLKSWAGEN',1),(37,'VOLVO',1);
/*!40000 ALTER TABLE `amarca` ENABLE KEYS */;
UNLOCK TABLES;

--
-- Table structure for table `amodelo`
--

DROP TABLE IF EXISTS `amodelo`;
/*!40101 SET @saved_cs_client     = @@character_set_client */;
/*!50503 SET character_set_client = utf8mb4 */;
CREATE TABLE `amodelo` (
  `modeloid` int(11) NOT NULL AUTO_INCREMENT,
  `descripcion` varchar(150) NOT NULL,
  `estado` int(11) DEFAULT NULL,
  `marcaid` int(11) DEFAULT NULL,
  PRIMARY KEY (`modeloid`)
) ENGINE=MyISAM AUTO_INCREMENT=361 DEFAULT CHARSET=latin1;
/*!40101 SET character_set_client = @saved_cs_client */;

--
-- Dumping data for table `amodelo`
--

LOCK TABLES `amodelo` WRITE;
/*!40000 ALTER TABLE `amodelo` DISABLE KEYS */;
INSERT INTO `amodelo` VALUES (41,'ILX PREMIUM TECH',1,3),(40,'CX-5 TOURING',1,2),(39,'3 SPORT',1,2),(9,'HIGHLANDER HYBRID LIMITED',1,1),(10,'SIENNA L',1,1),(11,'COROLLA L',1,1),(12,'CAMRY SE',1,1),(13,'PRIUS SPECIAL EDITION',1,1),(14,'CAMRY LE',1,1),(15,'TACOMA DOUBLE CAB',1,1),(16,'4RUNNER SR5',1,1),(17,'TACOMA ACCESS CAB',1,1),(18,'HIGHLANDER SE',1,1),(19,'SIENNA XLE',1,1),(20,'COROLLA LE',1,1),(21,'SIENNA',1,1),(22,'SIENNA LE',1,1),(23,'CAMRY L',1,1),(24,'HIGHLANDER LIMITED',1,1),(25,'TUNDRA CREWMAX 1794',1,1),(26,'HIGHLANDER L',1,1),(27,'VENZA LE',1,1),(28,'CAMRY XSE',1,1),(29,'RAV4 XLE',1,1),(30,'YARIS L',1,1),(31,'PRIUS',1,1),(32,'YARIS IA',1,1),(33,'SIENNA SE',1,1),(34,'C-HR XLE',1,1),(35,'RAV4 ADVENTURE',1,1),(36,'CAMRY SE NIGHT SHADE',1,1),(37,'RAV4 LE',1,1),(42,'ROMEO GIULIA',1,4),(43,'ROMEO STELVIO TI',1,4),(44,'A4 PREMIUM',1,5),(45,'A5 PREMIUM PLUS',1,5),(46,'Q3 PREMIUM',1,5),(47,'Q5 PREMIUM',1,5),(48,'Q5 PREMIUM PLUS',1,5),(49,'Q7 PREMIUM',1,5),(50,'Q7 PREMIUM PLUS',1,5),(51,'Q7 PRESTIGE',1,5),(52,'BENTAYGA',1,6),(53,'228XI',1,7),(54,'320 I',1,7),(55,'330 XIGT',1,7),(56,'530 I',1,7),(57,'530E',1,7),(58,'640 I GRAN COUPE',1,7),(59,'640 XI GRAN COUPE',1,7),(60,'750 XI',1,7),(61,'X1 XDRIVE28I',1,7),(62,'X2 XDRIVE28I',1,7),(63,'X3 SDRIVE28I',1,7),(64,'X4 XDRIVE28I',1,7),(65,'X5 SDRIVE 40I',1,7),(66,'X5 SDRIVE35I',1,7),(67,'X5 XDR40E',1,7),(68,'X5 XDRIVE35I',1,7),(69,'X5 XDRIVE40I',1,7),(70,'X6 SDRIVE35I',1,7),(71,'X6 XDRIVE35I',1,7),(72,'X7 XDRIVE40I',1,7),(73,'ENCLAVE PREMIUM',1,8),(74,'ENCORE PREFERRED',1,8),(75,'CT5 PREMIUM LUXURY',1,9),(76,'CT6 LUXURY',1,9),(77,'ESCALADE ESV LUXURY',1,9),(78,'ESCALADE ESV PREMIUM LUXURY',1,9),(79,'ESCALADE SPORT',1,9),(80,'XT4 LUXURY',1,9),(81,'XT5 PREMIUM LUXURY',1,9),(82,'BLAZER 1LT',1,10),(83,'CAMARO SS',1,10),(84,'COLORADO',1,10),(85,'COLORADO LT',1,10),(86,'CRUZE LS',1,10),(87,'CRUZE LT',1,10),(88,'EQUINOX LT',1,10),(89,'EXPRESS G3500',1,10),(90,'IMPALA LT',1,10),(91,'MALIBU LS',1,10),(92,'MALIBU LT',1,10),(93,'SILVERADO C1500',1,10),(94,'SILVERADO C2500 HEAVY DUTY',1,10),(95,'SILVERADO K1500 CUSTOM',1,10),(96,'SILVERADO K1500 HIGH COUNTRY',1,10),(97,'SILVERADO K1500 LT',1,10),(98,'SILVERADO K1500 LT TRAIL BOSS',1,10),(99,'SILVERADO K1500 LTZ',1,10),(100,'SILVERADO K2500 HEAVY DUTY',1,10),(101,'SILVERADO K2500 HEAVY DUTY LT',1,10),(102,'SILVERADO LD C1500 CUSTOM',1,10),(103,'SONIC',1,10),(104,'SONIC PREMIER',1,10),(105,'SPARK LS',1,10),(106,'SUBURBAN C1500 LS',1,10),(107,'SUBURBAN C1500 LT',1,10),(108,'SUBURBAN C1500 PREMIER',1,10),(109,'SUBURBAN K1500 LT',1,10),(110,'TAHOE C1500 HIGH COUNTRY',1,10),(111,'TAHOE POLICE',1,10),(112,'TRAVERSE LT',1,10),(113,'TRAVERSE RS',1,10),(114,'TRAX 1LT',1,10),(115,'300 S',1,11),(116,'PACIFICA TOURING L',1,11),(117,'PACIFICA TOURING PLUS',1,11),(118,'CHALLENGER R/T',1,12),(119,'CHALLENGER R/T 392',1,12),(120,'CHALLENGER SXT',1,12),(121,'CHARGER R/T',1,12),(122,'CHARGER SRT HELLCAT',1,12),(123,'DURANGO CITADEL',1,12),(124,'DURANGO SXT',1,12),(125,'GRAND CARAVAN SE',1,12),(126,'GRAND CARAVAN SXT',1,12),(127,'JOURNEY GT',1,12),(128,'500 POP',1,13),(129,'C-MAX SE',1,14),(130,'ECOSPORT SE',1,14),(131,'EDGE SEL',1,14),(132,'EDGE TITANIUM',1,14),(133,'ESCAPE S',1,14),(134,'ESCAPE SE',1,14),(135,'EXPEDITION EL XLT',1,14),(136,'EXPEDITION LIMITED',1,14),(137,'EXPEDITION MAX LIMITED',1,14),(138,'EXPEDITION MAX XLT',1,14),(139,'EXPEDITION PLATINUM',1,14),(140,'EXPLORER POLICE INTERCEPTOR',1,14),(141,'EXPLORER XLT',1,14),(142,'F150',1,14),(143,'F150 RAPTOR',1,14),(144,'F150 SUPER CAB',1,14),(145,'F150 SUPERCREW',1,14),(146,'F250 SUPER DUTY',1,14),(147,'F350 SUPER DUTY',1,14),(148,'FOCUS RS',1,14),(149,'FOCUS S',1,14),(150,'FOCUS SE',1,14),(151,'FOCUS SEL',1,14),(152,'FUSION S',1,14),(153,'FUSION SE',1,14),(154,'FUSION SE HYBRID',1,14),(155,'FUSION SE PHEV',1,14),(156,'FUSION SEL',1,14),(157,'FUSION TITANIUM',1,14),(158,'MAVERICK XL',1,14),(159,'MUSTANG',1,14),(160,'MUSTANG GT',1,14),(161,'RANGER XL',1,14),(162,'TAURUS LIMITED',1,14),(163,'TRANSIT CONNECT XL',1,14),(164,'TRANSIT T-250',1,14),(165,'TRANSIT T-350',1,14),(166,'G80 SPORT',1,15),(167,'ACADIA SLE',1,16),(168,'SIERRA K1500 DENALI',1,16),(169,'SIERRA K1500 SLT',1,16),(170,'SIERRA K2500 AT4',1,16),(171,'SIERRA K2500 HEAVY DUTY',1,16),(172,'SIERRA LIMITED C1500',1,16),(173,'TERRAIN SLE',1,16),(174,'YUKON SLT',1,16),(175,'YUKON XL K1500 SLT',1,16),(176,'ACCORD EXL',1,17),(177,'ACCORD HYBRID',1,17),(178,'ACCORD HYBRID EXL',1,17),(179,'ACCORD LX',1,17),(180,'ACCORD SPORT',1,17),(181,'CIVIC EX',1,17),(182,'CIVIC LX',1,17),(183,'CIVIC SPORT',1,17),(184,'CR-V LX',1,17),(185,'FIT LX',1,17),(186,'HR-V EXL',1,17),(187,'ODYSSEY EXL',1,17),(188,'PASSPORT TOURING',1,17),(189,'PILOT EXL',1,17),(190,'ACCENT SE',1,18),(191,'ELANTRA SE',1,18),(192,'ELANTRA SEL',1,18),(193,'IONIQ BLUE',1,18),(194,'IONIQ SEL',1,18),(195,'KONA SE',1,18),(196,'KONA SEL',1,18),(197,'SANTA FE CALLIGRAPHY',1,18),(198,'SANTA FE SE',1,18),(199,'SANTA FE SPORT',1,18),(200,'SONATA SE',1,18),(201,'SONATA SEL',1,18),(202,'SONATA SPORT',1,18),(203,'TUCSON LIMITED',1,18),(204,'TUCSON SE',1,18),(205,'TUCSON SEL',1,18),(206,'VENUE SEL',1,18),(207,'Q50 PREMIUM',1,19),(208,'Q50 RED SPORT 400',1,19),(209,'QX60',1,19),(210,'QX60 LUXE',1,19),(211,'QX70',1,19),(212,'QX80 BASE',1,19),(213,'NRR',1,20),(214,'F-PACE CHECKERED FLAG',1,21),(215,'F-PACE PREMIUM',1,21),(216,'F-PACE PRESTIGE',1,21),(217,'F-PACE R - SPORT',1,21),(218,'F-PACE S',1,21),(219,'XE',1,21),(220,'CHEROKEE LATITUDE',1,22),(221,'CHEROKEE LIMITED',1,22),(222,'CHEROKEE SPORT',1,22),(223,'COMPASS LATITUDE',1,22),(224,'GRAND CHEROKEE LAREDO',1,22),(225,'GRAND CHEROKEE LIMITED',1,22),(226,'GRAND CHEROKEE SUMMIT',1,22),(227,'GRAND CHEROKEE TRAILHAWK',1,22),(228,'RENEGADE SPORT',1,22),(229,'RENEGADE TRAILHAWK',1,22),(230,'WRANGLER UNLIMITED RUBICON',1,22),(231,'WRANGLER UNLIMITED SAHARA',1,22),(232,'FORTE FE',1,23),(233,'FORTE LX',1,23),(234,'K5 GT LINE',1,23),(235,'OPTIMA EX',1,23),(236,'OPTIMA LX',1,23),(237,'RIO LX',1,23),(238,'SEDONA L',1,23),(239,'SORENTO EX',1,23),(240,'SORENTO LX',1,23),(241,'SOUL',1,23),(242,'SOUL +',1,23),(243,'SOUL EX',1,23),(244,'SPORTAGE LX',1,23),(245,'TELLURIDE EX',1,23),(246,'TELLURIDE S',1,23),(247,'TELLURIDE SX',1,23),(248,'ROVER DISCOVERY HSE LUXURY',1,24),(249,'ROVER DISCOVERY SPORT HSE',1,24),(250,'ROVER DISCOVERY SPORT SE',1,24),(251,'ROVER RANGE ROVER AUTOBIOGRAPHY',1,24),(252,'ROVER RANGE ROVER EVOQUE HSE DYNAMIC',1,24),(253,'ROVER RANGE ROVER EVOQUE S',1,24),(254,'ROVER RANGE ROVER EVOQUE SE',1,24),(255,'ROVER RANGE ROVER HSE',1,24),(256,'ROVER RANGE ROVER SPORT HSE',1,24),(257,'ROVER RANGE ROVER SPORT SE',1,24),(258,'ROVER RANGE ROVER SUPERCHARGED',1,24),(259,'ROVER RANGE ROVER VELAR R-DYNAMIC SE',1,24),(260,'ROVER RANGE ROVER VELAR S',1,24),(261,'ES 350',1,25),(262,'IS 200T',1,25),(263,'IS 300',1,25),(264,'IS 350 F-SPORT',1,25),(265,'LS 500 BASE',1,25),(266,'NX 300 BASE',1,25),(267,'RC 300',1,25),(268,'RC 350',1,25),(269,'RX 350',1,25),(270,'RX 350 BASE',1,25),(271,'CONTINENTAL RESERVE',1,26),(272,'GHIBLI',1,27),(273,'GHIBLI S',1,27),(274,'A 220',1,28),(275,'A 220 4MATIC',1,28),(276,'C 300',1,28),(277,'C 300 4MATIC',1,28),(278,'C 63 AMG',1,28),(279,'CLA 250',1,28),(280,'CLA 250 4MATIC',1,28),(281,'E 300',1,28),(282,'E 300 4MATIC',1,28),(283,'G 550',1,28),(284,'G 63 AMG',1,28),(285,'GLA 250',1,28),(286,'GLA 250 4MATIC',1,28),(287,'GLB 250',1,28),(288,'GLC 300',1,28),(289,'GLC 300 4MATIC',1,28),(290,'GLE 350 4MATIC',1,28),(291,'GLE 43 AMG',1,28),(292,'GLE COUPE 43 AMG',1,28),(293,'GLS 450 4MATIC',1,28),(294,'GLS 550 4MATIC',1,28),(295,'S 450',1,28),(296,'MIRAGE ES',1,29),(297,'MIRAGE G4 ES',1,29),(298,'OUTLANDER SPORT ES',1,29),(299,'ALTIMA 2.5',1,30),(300,'ALTIMA S',1,30),(301,'ALTIMA SL',1,30),(302,'ALTIMA SR',1,30),(303,'ALTIMA SV',1,30),(304,'ARMADA PLATINUM',1,30),(305,'ARMADA SV',1,30),(306,'FRONTIER S',1,30),(307,'FRONTIER SV',1,30),(308,'JUKE S',1,30),(309,'KICKS S',1,30),(310,'MAXIMA 3.5S',1,30),(311,'MURANO S',1,30),(312,'NV 3500 S',1,30),(313,'PATHFINDER S',1,30),(314,'ROGUE S',1,30),(315,'ROGUE SPORT S',1,30),(316,'SENTRA S',1,30),(317,'SENTRA SR',1,30),(318,'SENTRA SR TURBO',1,30),(319,'SENTRA SV',1,30),(320,'TITAN SV',1,30),(321,'TITAN XD SL',1,30),(322,'VERSA S',1,30),(323,'VERSA SV',1,30),(324,'CAYENNE',1,31),(325,'CAYMAN S',1,31),(326,'MACAN',1,31),(327,'1500 BIG HORN/LONE STAR',1,32),(328,'1500 LIMITED',1,32),(329,'1500 LONGHORN',1,32),(330,'1500 SLT',1,32),(331,'1500 TRX',1,32),(332,'2500 LARAMIE',1,32),(333,'2500 ST',1,32),(334,'2500 TRADESMAN',1,32),(335,'3500',1,32),(336,'3500 SLT',1,32),(337,'3500 ST',1,32),(338,'5500',1,32),(339,'PROMASTER 2500 2500 HIGH',1,32),(340,'PROMASTER 3500 3500 HIGH',1,32),(341,'PROMASTER CITY',1,32),(342,'CROSSTREK',1,33),(343,'FORESTER 2',1,33),(344,'FORESTER 2.5I PREMIUM',1,33),(345,'OUTBACK 2.5I PREMIUM',1,33),(346,'GSX250R',1,34),(347,'MODEL 3',1,35),(348,'MODEL S',1,35),(349,'MODEL Y',1,35),(350,'JETTA S',1,36),(351,'JETTA SE',1,36),(352,'JETTA SEL',1,36),(353,'PASSAT SE',1,36),(354,'TIGUAN S',1,36),(355,'TIGUAN WOLFSBURG',1,36),(356,'S60 T5 MOMENTUM',1,37),(357,'S90 T6 OCEAN RACE',1,37),(358,'XC60 T5 DYNAMIC',1,37),(359,'XC90 T5',1,37),(360,'XC90 T6 INSCRIPTION',1,37);
/*!40000 ALTER TABLE `amodelo` ENABLE KEYS */;
UNLOCK TABLES;

--
-- Table structure for table `country_city`
--

DROP TABLE IF EXISTS `country_city`;
/*!40101 SET @saved_cs_client     = @@character_set_client */;
/*!50503 SET character_set_client = utf8mb4 */;
CREATE TABLE `country_city` (
  `cityid` int(11) NOT NULL AUTO_INCREMENT,
  `citycode` varchar(150) NOT NULL,
  `descripcion` varchar(150) NOT NULL,
  `estado` int(11) DEFAULT NULL,
  `stateid` int(11) DEFAULT NULL,
  PRIMARY KEY (`cityid`)
) ENGINE=MyISAM DEFAULT CHARSET=latin1;
/*!40101 SET character_set_client = @saved_cs_client */;

--
-- Dumping data for table `country_city`
--

LOCK TABLES `country_city` WRITE;
/*!40000 ALTER TABLE `country_city` DISABLE KEYS */;
/*!40000 ALTER TABLE `country_city` ENABLE KEYS */;
UNLOCK TABLES;

--
-- Table structure for table `country_state`
--

DROP TABLE IF EXISTS `country_state`;
/*!40101 SET @saved_cs_client     = @@character_set_client */;
/*!50503 SET character_set_client = utf8mb4 */;
CREATE TABLE `country_state` (
  `stateid` int(11) NOT NULL AUTO_INCREMENT,
  `statecode` varchar(150) NOT NULL,
  `descripcion` varchar(150) NOT NULL,
  `estado` int(11) DEFAULT NULL,
  PRIMARY KEY (`stateid`)
) ENGINE=MyISAM AUTO_INCREMENT=128 DEFAULT CHARSET=latin1;
/*!40101 SET character_set_client = @saved_cs_client */;

--
-- Dumping data for table `country_state`
--

LOCK TABLES `country_state` WRITE;
/*!40000 ALTER TABLE `country_state` DISABLE KEYS */;
INSERT INTO `country_state` VALUES (1,'CT','CT - HARTFORD SPRINGFIELD',1),(2,'PA','PA - YORK HAVEN',1),(3,'FL','FL - ORLANDO SOUTH',1),(4,'NC','NC - RALEIGH',1),(5,'OH','OH - CLEVELAND WEST',1),(6,'GA','GA - CARTERSVILLE',1),(7,'FL','FL - WEST PALM BEACH',1),(8,'MD','MD - BALTIMORE EAST',1),(9,'KY','KY - LOUISVILLE',1),(10,'PA','PA - ALTOONA',1),(11,'WV','WV - CHARLESTON',1),(12,'NY','NY - NEWBURGH',1),(13,'GA','GA - ATLANTA SOUTH',1),(14,'MA','MA - SOUTH BOSTON',1),(15,'IN','IN - INDIANAPOLIS',1),(16,'TX','TX - HOUSTON',1),(17,'TX','TX - DALLAS',1),(18,'TX','TX - SAN ANTONIO',1),(19,'TX','TX - HOUSTON EAST',1),(20,'TX','TX - DALLAS SOUTH',1),(21,'IL','IL - CHICAGO NORTH',1),(22,'MN','MN - MINNEAPOLIS',1),(23,'KS','KS - KANSAS CITY',1),(24,'TN','TN - MEMPHIS',1),(25,'NM','NM - ALBUQUERQUE',1),(26,'CO','CO - DENVER',1),(27,'CA','CA - ANTELOPE',1),(28,'NV','NV - RENO',1),(29,'CA','CA - FRESNO',1),(30,'CA','CA - SAN BERNARDINO',1),(31,'NV','NV - LAS VEGAS',1),(32,'CA','CA - SAN JOSE',1),(33,'AL','AL - BIRMINGHAM',1),(34,'CT','CT - HARTFORD',1),(35,'MI','MI - DETROIT',1),(36,'PA','PA - HARRISBURG',1),(37,'LA','LA - BATON ROUGE',1),(38,'DC','DC - WASHINGTON DC',1),(39,'NJ','NJ - SOMERVILLE',1),(40,'FL','FL - TAMPA SOUTH',1),(41,'TN','TN - KNOXVILLE',1),(42,'OK','OK - OKLAHOMA CITY',1),(43,'CA','CA - RANCHO CUCAMONGA',1),(44,'FL','FL - PUNTA GORDA SOUTH',1),(45,'FL','FL - MIAMI NORTH',1),(46,'WA','WA - GRAHAM',1),(47,'MO','MO - COLUMBIA',1),(48,'NE','NE - LINCOLN',1),(49,'GA','GA - ATLANTA WEST',1),(50,'OH','OH - COLUMBUS',1),(51,'FL','FL - OCALA',1),(52,'MO','MO - ST. LOUIS',1),(53,'UT','UT - SALT LAKE CITY',1),(54,'AL','AL - MOBILE SOUTH',1),(55,'CA','CA - HAYWARD',1),(56,'CA','CA - SACRAMENTO',1),(57,'TX','TX - CORPUS CHRISTI',1),(58,'KY','KY - WALTON',1),(59,'MA','MA - NORTH BOSTON',1),(60,'MI','MI - IONIA',1),(61,'MI','MI - LANSING',1),(62,'NC','NC - RALEIGH NORTH',1),(63,'SC','SC - COLUMBIA',1),(64,'VA','VA - RICHMOND',1),(65,'PA','PA - PHILADELPHIA',1),(66,'MS','MS - JACKSON',1),(67,'OK','OK - TULSA',1),(68,'IL','IL - CHICAGO SOUTH',1),(69,'TX','TX - FT. WORTH',1),(70,'MS','MS - GRENADA',1),(71,'IA','IA - DES MOINES',1),(72,'TX','TX - ABILENE',1),(73,'TX','TX - EL PASO',1),(74,'CA','CA - VALLEJO',1),(75,'CA','CA - SAN DIEGO',1),(76,'CA','CA - VAN NUYS',1),(77,'CA','CA - BAKERSFIELD',1),(78,'CA','CA - REDDING',1),(79,'AZ','AZ - TUCSON',1),(80,'GA','GA - FAIRBURN',1),(81,'MD','MD - BALTIMORE',1),(82,'SC','SC - SPARTANBURG',1),(83,'IN','IN - FORT WAYNE',1),(84,'FL','FL - JACKSONVILLE NORTH',1),(85,'FL','FL - ORLANDO NORTH',1),(86,'NY','NY - LONG ISLAND',1),(87,'NY','NY - ROCHESTER',1),(88,'NC','NC - LUMBERTON',1),(89,'FL','FL - MIAMI CENTRAL',1),(90,'NC','NC - CHINA GROVE',1),(91,'KY','KY - LEXINGTON EAST',1),(92,'PA','PA - PHILADELPHIA EAST-SUBLOT',1),(93,'GA','GA - ATLANTA EAST',1),(94,'IN','IN - DYER',1),(95,'AR','AR - LITTLE ROCK',1),(96,'IL','IL - WHEELING',1),(97,'ON','ON - TORONTO',1),(98,'WI','WI - MILWAUKEE SOUTH',1),(99,'TN','TN - NASHVILLE',1),(100,'AL','AL - MOBILE',1),(101,'CO','CO - COLORADO SPRINGS',1),(102,'WA','WA - NORTH SEATTLE',1),(103,'AZ','AZ - PHOENIX',1),(104,'CA','CA - SO SACRAMENTO',1),(105,'CA','CA - LOS ANGELES',1),(106,'NC','NC - GASTONIA',1),(107,'IL','IL - SOUTHERN ILLINOIS',1),(108,'FL','FL - MIAMI SOUTH',1),(109,'CA','CA - SUN VALLEY',1),(110,'VA','VA - FREDERICKSBURG',1),(111,'OH','OH - DAYTON',1),(112,'SC','SC - NORTH CHARLESTON',1),(113,'MA','MA - WEST WARREN',1),(114,'MI','MI - FLINT',1),(115,'PA','PA - PITTSBURGH WEST',1),(116,'MO','MO - SPRINGFIELD',1),(117,'GA','GA - ATLANTA NORTH',1),(118,'LA','LA - NEW ORLEANS',1),(119,'NJ','NJ - TRENTON',1),(120,'FL','FL - FT. PIERCE',1),(121,'NY','NY - SYRACUSE',1),(122,'TX','TX - ANDREWS',1),(123,'NH','NH - CANDIA',1),(124,'NJ','NJ - GLASSBORO EAST',1),(125,'TX','TX - AMARILLO',1),(126,'AB','AB - CALGARY',1),(127,'MT','MT - HELENA',1);
/*!40000 ALTER TABLE `country_state` ENABLE KEYS */;
UNLOCK TABLES;

--
-- Table structure for table `damage`
--

DROP TABLE IF EXISTS `damage`;
/*!40101 SET @saved_cs_client     = @@character_set_client */;
/*!50503 SET character_set_client = utf8mb4 */;
CREATE TABLE `damage` (
  `damageid` int(11) NOT NULL AUTO_INCREMENT,
  `descripcion` varchar(150) NOT NULL,
  `descripcion_us` varchar(150) NOT NULL,
  `estado` int(11) DEFAULT NULL,
  PRIMARY KEY (`damageid`)
) ENGINE=MyISAM AUTO_INCREMENT=8 DEFAULT CHARSET=latin1;
/*!40101 SET character_set_client = @saved_cs_client */;

--
-- Dumping data for table `damage`
--

LOCK TABLES `damage` WRITE;
/*!40000 ALTER TABLE `damage` DISABLE KEYS */;
INSERT INTO `damage` VALUES (1,'Daos menores por abolladuras','Minor Dent/Scratches Damage',1),(2,'Daos en la parte delantera','Front End Damage',1),(3,'Daos en todo el vehculo','All Over Damage',1),(4,'Daos en la parte trasera','Rear End Damage',1),(5,'Dao por desgaste normal','Normal Wear Damage',1),(6,'Daos ocasionados por granizo','Hail Damage',1),(7,'Daos en el marco','Frame Damage',1);
/*!40000 ALTER TABLE `damage` ENABLE KEYS */;
UNLOCK TABLES;

--
-- Dumping routines for database 'adp'
--
/*!50003 DROP PROCEDURE IF EXISTS `adp_busqueda_subasta` */;
/*!50003 SET @saved_cs_client      = @@character_set_client */ ;
/*!50003 SET @saved_cs_results     = @@character_set_results */ ;
/*!50003 SET @saved_col_connection = @@collation_connection */ ;
/*!50003 SET character_set_client  = utf8mb4 */ ;
/*!50003 SET character_set_results = utf8mb4 */ ;
/*!50003 SET collation_connection  = utf8mb4_general_ci */ ;
/*!50003 SET @saved_sql_mode       = @@sql_mode */ ;
/*!50003 SET sql_mode              = 'STRICT_ALL_TABLES,NO_ZERO_IN_DATE,NO_ZERO_DATE,ERROR_FOR_DIVISION_BY_ZERO,NO_AUTO_CREATE_USER' */ ;
DELIMITER ;;
CREATE DEFINER=`root`@`localhost` PROCEDURE `adp_busqueda_subasta`(
`param_marcaid` int,
`param_modeloid` int,
`param_anio` int,
`param_damageid` int,
`param_stateid` int,
`param_color` varchar(100)
)
BEGIN
DECLARE bMarca varchar(500) Default '';
DECLARE bModelo varchar(500) Default '';
DECLARE bDamage varchar(500) Default '';
DECLARE bState varchar(500) Default '';

SELECT max(descripcion) INTO bMarca from amarca WHERE marcaid = param_marcaid;
SELECT max(descripcion) INTO bModelo from amodelo WHERE marcaid = param_marcaid and modeloid = param_modeloid;
SELECT max(descripcion_us) INTO bDamage from damage WHERE damageid = param_damageid;
SELECT max(descripcion) INTO bState from country_state WHERE stateid = param_stateid;

SELECT * 
FROM adp_subasta a 
WHERE UPPER(a.Marca) = (CASE WHEN param_marcaid > 0 THEN UPPER(bMarca) ELSE UPPER(a.Marca) END)
AND UPPER(a.Modelo) = (CASE WHEN param_modeloid > 0 THEN UPPER(bModelo) ELSE UPPER(a.Modelo) END) 
AND UPPER(a.Danio) = (CASE WHEN param_damageid > 0 THEN UPPER(bDamage) ELSE UPPER(a.Danio) END) 
AND UPPER(a.Anio) = (CASE WHEN param_anio > 0 THEN param_anio ELSE UPPER(a.Anio) END) 
AND UPPER(a.Locacion) = (CASE WHEN param_stateid > 0 THEN UPPER(bState) ELSE UPPER(a.Locacion) END);


END ;;
DELIMITER ;
/*!50003 SET sql_mode              = @saved_sql_mode */ ;
/*!50003 SET character_set_client  = @saved_cs_client */ ;
/*!50003 SET character_set_results = @saved_cs_results */ ;
/*!50003 SET collation_connection  = @saved_col_connection */ ;
/*!40103 SET TIME_ZONE=@OLD_TIME_ZONE */;

/*!40101 SET SQL_MODE=@OLD_SQL_MODE */;
/*!40014 SET FOREIGN_KEY_CHECKS=@OLD_FOREIGN_KEY_CHECKS */;
/*!40014 SET UNIQUE_CHECKS=@OLD_UNIQUE_CHECKS */;
/*!40101 SET CHARACTER_SET_CLIENT=@OLD_CHARACTER_SET_CLIENT */;
/*!40101 SET CHARACTER_SET_RESULTS=@OLD_CHARACTER_SET_RESULTS */;
/*!40101 SET COLLATION_CONNECTION=@OLD_COLLATION_CONNECTION */;
/*!40111 SET SQL_NOTES=@OLD_SQL_NOTES */;

-- Dump completed on 2023-06-07  6:08:28
